Bachelor_Favoritism,TV_most_1_TEXT,TV_most_2_TEXT,TV_most_3_TEXT,TV_most_4_TEXT,TV_most_5_TEXT,Age,Sex,Race,Rel,Sex_or,Spir,TV,Tvsoap,Tvdrama,Tvsitcom,Cheated,Phys,Emo,IC1,IC2,IC3,IC4,IC5,IC6,IC7,IC8,IC9,IC10,IC11,IC12,IC13,IC14,IC15,IC16,IC17,IC18,IC19,IC20,IT1,IT2,IT3,IT4,IT5,IT6,IT7,IT8,IT9,IT10,IT11,IT12,IT13,IT14,IT15,Inftotr,condo,F1,F2,F3,F4,F5,F6,New,IC,TV_sex1,TV_sex2,TV_sex3,Single,White,Porn3,Cohab,No56
4,New Girl,The Bachelor,Friends,Cooking show,Sports Pre-game shows,21,2,5,1,1,41,2,0,1,1,1,3,3,5,2,2,3,4,2,1,1,5,1,5,5,1,1,1,1,2,1,1,1,1,1,1,1,3,1,1,1,1,1,2,1,4,4,1,1.6,2,30,40,20,40,40,20,3,2.25,4,4,1,1,1,3,0,30
0,Broad City,Curb Your Enthusiasm,It's Always Sunny in Philadelphia,Twin Peaks,Parks and Recreation,21,2,5,1,1,25,10,0,3,7,2,,,1,1,1,1,1,1,1,1,1,1,1,1,1,1,1,1,1,1,1,1,1,1,1,1,2,1,1,1,1,1,2,1,3,3,2,1.47,2,50,50,45,55,60,40,3,1,,1,1,1,1,1,0,50
0,Grey's Anatomy,Bones,Parks and Recreation,The Big Bang Theory,House of Cards,20,2,5,1,1,70,4,0,3,1,2,,,5,5,1,3,2,2,1,1,2,1,1,1,1,1,1,1,1,1,1,1,1,2,1,1,2,1,2,3,1,2,2,1,2,2,1,1.6,0,34,34,0,0,0,0,2,1.65,1,1,1,1,1,1,0,0
4,Grey's Anatomy,The Bachelor,Modern Family,Quantico,Survivor,19,2,5,3,1,71,10,0,10,0,2,,,3,3,3,3,1,3,2,2,5,2,5,1,1,1,1,1,1,1,1,1,2,1,1,2,2,1,2,2,1,1,1,1,3,3,2,1.67,2,20,22,15,44,40,30,2,2.05,1,1,1,0,1,1,0,35
0,Scandal,How to Get Away with Murder,24,CSI,Homeland,19,2,5,3,1,100,0,0,0,0,1,4,1,1,1,7,6,4,6,4,6,7,3,6,2,1,1,1,2,2,1,1,1,1,2,1,1,2,1,2,4,1,2,4,1,2,4,2,2,1,25,24,39,70,28,30,3,3.15,1,1,1,0,1,1,0,29
3,Shamless,Vikings,The Bachelor,American Crime,The People V OJ Simpson,23,2,5,1,1,100,20,10,10,0,1,5,5,7,3,7,5,4,6,6,6,5,1,6,6,6,3,6,6,7,4,4,7,1,1,1,1,1,1,2,2,1,2,2,1,3,3,2,1.6,2,45,70,30,70,60,40,1,5.25,1,5,1,1,1,2.33,0,50
0,El chavo del 8,El cartel de los sapos,Family Guy,sin senos no hay paraiso,Spongebob Squarepants,24,2,6,2,1,86,10,10,0,0,1,3,3,4,2,7,6,6,7,4,5,7,6,7,7,7,7,7,7,7,7,7,7,1,1,2,2,2,1,3,3,1,3,4,1,3,3,1,2.07,0,4,2,2,2,0,0,3,6.2,5,5,1,0,0,3.67,0,0
0,archer,Parks and Recreation,Parks and Recreation,The Office,scrubs,20,2,7,3,1,65,1,0,0,0,1,3,5,7,3,7,7,6,7,4,6,7,3,7,7,3,1,1,2,7,4,4,6,1,1,1,4,4,1,6,6,6,1,2,1,5,6,1,3.07,0,25,40,23,54,49,29,3,4.95,3,4,4,0,0,3.67,0,39
0,Switched at Birth,Parenthood,Gilmore Girls,Gossip Girl,Pretty Little Liars,18,2,2,1,1,90,6,0,0,6,2,,,5,4,6,4,2,6,2,2,5,5,6,7,7,7,7,7,7,7,7,7,2,2,1,2,2,2,1,1,1,2,2,2,1,2,1,1.6,2,59,75,30,31,20,25,3,5.5,3,3,1,1,0,2.33,0,22.5
0,The Office,30 Rock,Parks and Recreation,Friends,House of Cards,21,2,5,3,1,8,10,0,2,8,2,,,4,3,5,2,3,3,2,5,5,3,1,1,1,1,1,1,1,1,1,1,1,1,1,1,1,1,1,2,1,1,2,1,2,3,2,1.4,2,43,50,34,52,46,32,3,2.25,1,1,1,0,1,1,0,39
0,Suits,How to Get Away with Murder,Scandal,Grey's Anatomy,The Blacklist,22,2,2,3,1,4,2,0,2,1,2,,,1,1,1,1,1,1,1,1,2,2,4,7,7,7,7,7,7,7,7,7,1,2,1,3,4,3,2,2,1,2,2,1,4,4,2,2.27,2,16,21,38,48,56,56,4,3.95,1,1,1,0,0,1,0,56
0,The Voice,How to Get Away with Murder,The Ellen Show,The tonight show,Awkward,19,2,2,1,1,7,1,0,1,0,1,3,3,2,2,3,2,2,2,2,2,2,3,2,1,1,1,1,1,1,1,1,1,2,1,1,1,1,1,1,1,1,2,2,1,1,2,1,1.27,1,50,56,74,74,80,81,2,1.65,2,4,4,1,0,3.33,0,80.5
0,SportsCenter,Nightline,Live telecasts of SF Giants games,Live telecasts of Golden State Warriors games,Live telecasts of SF 49ers games,20,2,2,1,1,35,3,0,0,0,2,,,2,4,4,5,4,4,5,3,4,3,5,5,5,4,4,6,5,5,5,5,1,1,1,1,1,1,1,1,1,3,5,5,4,4,1,2.07,2,47,55,65,70,75,58,2,4.35,5,6,1,1,0,4,0,66.5
5,The Bachelor,Black-ish,Young and Hungry,Friends,Masterchef,21,2,2,3,1,19,10,0,5,5,2,,,5,5,5,5,5,5,2,4,5,3,5,4,3,3,3,4,3,4,3,3,1,1,1,3,3,1,1,1,1,2,2,2,2,3,3,1.8,2,76,85,61,80,69,56,5,3.95,1,3,1,0,0,1.67,0,62.5
0,How to Get Away with Murder,How I Met Your Mother,Modern Family,Shark Tank,The Big Bang Theory,21,2,2,2,1,42,3,0,3,2,2,,,7,5,7,5,6,5,2,4,7,5,5,7,7,6,5,5,7,7,7,7,1,1,1,1,1,1,1,1,1,1,1,1,3,4,2,1.4,1,27,57,36,49,60,26,4,5.8,4,5,2,0,0,3.67,0,43
0,The Fresh Prince of Bel-Air,Family Guy,American Dad,NBA TV,Brooklyn 9-9,23,1,2,1,1,64,15,0,0,7,2,,,5,3,4,4,5,4,5,4,5,5,4,4,4,1,1,1,1,1,1,1,2,2,2,3,3,3,3,3,4,2,2,2,4,5,5,3,0,65,69,38,47,25,20,4,3.15,2,2,2,1,0,2,0,22.5
0,Jane the Virgin,The Big Bang Theory,Friends,Fuller House,Keeping up with the Kardashians,19,2,5,1,1,15,2,0,0,2,2,,,5,5,6,6,5,4,3,4,4,3,2,1,1,1,1,1,1,1,1,1,1,2,1,2,3,1,1,1,1,1,2,1,1,2,1,1.4,0,20,10,10,16,10,5,1,2.8,2,2,5,1,1,3,0,7.5
4,The Office,The Bachelor,Real Housewives,Grace and Frankie,Weeds,21,2,5,1,1,2,20,0,5,10,2,,,7,7,7,7,7,7,7,7,7,7,7,7,6,7,7,7,7,7,7,7,1,1,1,1,1,1,3,4,1,1,2,1,4,4,1,1.8,2,40,39,50,79,80,44,2,6.95,1,1,1,1,1,1,0,62
0,Grey's Anatomy,Scandal,Parenthood,Friday Night Lights,n/a,21,2,5,1,1,59,3,1,2,0,1,2,4,2,2,4,4,3,4,2,2,4,1,1,1,1,1,1,1,1,1,1,1,1,1,1,5,5,3,1,1,1,1,1,1,3,4,1,2,1,39,55,39,64,65,43,3,1.9,1,1,1,1,1,1,0,54
0,The Mysteries of Laura,Under the Dome,I-Zombie,The Fosters,Masterchef Junior,18,2,2,1,1,0,2,0,2,0,2,,,1,1,1,1,1,1,1,1,1,1,1,1,1,1,1,1,1,1,1,1,1,3,3,2,4,4,4,1,3,2,2,7,2,2,2,2.8,1,29,29,24,40,34,23,3,1,1,3,1,1,0,1.67,0,28.5
0,Fox sports,none,none,none,none,18,1,2,1,1,82,2,0,0,0,2,,,5,3,3,6,3,3,4,2,2,2,2,1,1,1,1,1,2,2,3,3,4,4,1,3,5,1,4,5,1,3,5,1,5,6,2,3.33,1,55,65,10,9,65,55,3,2.5,4,4,1,1,0,3,0,60
0,Grey's Anatomy,YouTube,Netflix,Videos,Movies,20,2,2,2,1,81,0,0,0,0,2,,,5,1,1,1,1,1,1,1,1,2,2,1,1,1,1,1,1,1,1,1,1,1,1,1,1,1,1,2,1,1,1,1,1,1,1,1.07,0,50,49,2,2,1,2,6,1.3,1,1,1,0,0,1,0,1.5
5,The Bachelor,How to Get Away with Murder,Parks and Recreation,Game of Thrones,Empire,22,2,2,3,1,4,7,4,4,1,1,1,3,2,2,4,4,3,3,3,4,4,4,4,2,2,3,2,3,4,2,4,3,1,1,2,1,1,2,2,3,1,2,2,2,3,2,2,1.8,1,51,72,34,60,36,51,4,3.1,2,4,1,0,0,2.33,0,43.5
0,The Big Bang Theory,Criminal Minds,2 Broke Girls,The Voice,One Piece,20,2,2,1,1,90,6,0,2,2,2,,,3,2,1,3,1,1,1,1,3,1,4,1,1,1,1,1,1,1,1,1,1,1,1,1,1,1,1,1,1,1,1,1,1,1,1,1,2,46,36,15,30,28,15,3,1.5,1,1,1,1,0,1,0,21.5
0,Law and Order SVU,Dancing with the Stars,Parenthood,New Girl,Modern Family,24,2,3,1,1,95,1,0,1,1,1,5,2,7,5,7,7,7,7,5,7,7,7,7,7,7,7,7,7,7,7,7,7,1,1,1,1,1,1,1,1,1,1,1,1,2,2,1,1.13,0,4,9,8,40,55,8,1,6.8,1,1,1,1,0,1,0,31.5
5,The Bachelor,Real Housewives,Vanderpump Rules,The Mindy Project,The Office,21,2,5,3,1,100,6,0,3,3,2,,,2,1,1,1,3,2,1,1,1,1,2,1,2,1,1,1,1,1,2,1,1,1,1,1,2,1,1,1,1,1,3,1,2,3,1,1.4,0,40,61,14,50,61,19,5,1.35,6,6,1,0,1,4.33,0,40
0,Jane the Virgin,Orange Is the New Black,Narcos,Friends,Grey's Anatomy,22,2,7,1,1,85,3,1,1,1,2,,,5,5,5,5,5,6,5,6,5,3,6,5,6,6,5,3,7,4,5,4,1,1,1,1,1,1,1,1,1,1,1,1,6,6,6,2,1,30,30,4,13,10,10,2,5.05,6,6,6,1,0,6,0,10
0,It's Always Sunny in Philadelphia,Archer,Family Guy,South Park,Wilfred,22,1,5,1,1,1,8,0,0,0,2,,,1,1,4,1,2,1,2,5,2,1,3,2,2,1,1,2,2,1,1,2,1,1,1,4,5,3,5,6,1,4,4,2,7,7,3,3.6,2,9,9,6,4,5,2,3,1.85,5,5,1,1,1,3.67,0,3.5
0,Friends,Quantico,Arrow,The Flash,Empire,21,2,2,3,1,71,7,0,3,4,1,5,1,2,2,2,2,6,2,2,2,4,2,2,1,1,1,1,1,1,1,1,1,1,1,1,1,1,1,1,1,1,1,1,1,3,3,1,1.27,0,45,60,34,71,60,45,4,1.85,1,3,1,0,0,1.67,0,52.5
0,Fuller House,Parks and Recreation,Community,The Office,Better Call Saul,22,2,2,1,1,40,2,0,0,2,1,3,5,6,5,7,6,3,6,6,2,6,2,6,2,2,2,2,2,2,2,2,2,1,1,1,1,3,1,1,2,1,1,1,1,1,1,1,1.2,1,91,91,75,76,90,81,1,3.65,2,1,1,1,0,1.33,0,85.5
0,Friends,n/a,n/a,n/a,n/a,20,2,6,3,1,60,2,0,0,2,2,,,6,1,7,2,5,4,1,2,4,1,4,7,7,7,7,7,7,7,7,7,2,4,1,2,3,1,1,1,1,1,1,1,1,4,1,1.67,1,30,65,20,50,70,10,5,5,1,1,1,0,0,1,0,40
0,The Walking Dead,Outsiders,Better Call Saul,Dexter,House,24,2,5,3,1,40,5,1,3,1,1,1,3,5,1,1,2,2,2,1,2,3,3,2,3,3,1,1,1,1,1,1,1,1,1,1,3,4,2,2,3,1,2,1,1,3,2,1,1.87,1,35,50,30,40,60,50,4,1.85,2,2,1,0,1,1.67,0,55
0,Scandal,Jane the Virgin,Teen Mom OG,Suits,Fuller House,20,2,5,3,1,0,6,0,6,0,2,,,2,1,1,1,1,1,2,2,1,1,1,1,1,1,1,1,2,1,1,1,1,1,1,1,2,1,2,3,1,1,1,1,3,3,2,1.6,2,75,77,35,40,40,35,3,1.2,1,1,1,0,1,1,0,37.5
0,Grey's Anatomy,Friday Night Lights,Shark Tank,Orange Is the New Black,Law and Order SVU,20,2,5,3,1,81,1,0,1,0,2,,,2,2,1,4,3,4,4,4,1,1,1,1,1,1,1,1,1,1,1,1,1,2,1,1,3,1,1,2,1,2,3,1,5,5,2,2.07,2,31,32,19,40,15,9,5,1.8,1,1,1,0,1,1,0,12
0,Gossip Girl,The Carrie Diaries,How to Get Away with Murder,Fuller House,Pretty Little Liars,18,2,2,1,1,81,2,2,2,2,1,1,3,4,4,4,4,4,4,4,4,4,4,4,4,4,4,4,4,4,4,4,4,1,1,1,2,2,2,3,3,1,1,1,1,4,4,1,1.87,1,40,40,19,20,19,18,4,4,2,3,1,1,0,2,0,18.5
0,Saturday Night Live,Parks and Recreation,Grey's Anatomy,Modern Family,Shark Tank,19,2,5,1,1,50,12,0,0,6,1,5,5,4,4,1,1,1,4,4,4,4,1,1,1,1,1,1,1,4,3,1,1,3,3,3,4,4,2,2,3,1,3,4,3,2,3,1,2.73,0,51,56,10,40,43,10,4,2.15,1,1,1,1,1,1,0,26.5
,0,0,0,0,0,22,1,2,2,1,90,0,0,0,0,1,2,2,5,2,3,4,6,3,5,5,4,2,2,1,1,1,1,1,1,1,1,1,1,1,1,3,3,4,1,1,1,2,1,1,1,5,3,1.93,1,70,80,80,70,70,65,2,2.5,4,4,2,0,0,3.33,0,67.5
0,Brooklyn 9-9,Bob's Burgers,Jane the Virgin,Master of None,The Voice,19,2,2,1,1,70,12,0,4,8,2,,,5,2,7,3,4,5,6,4,5,2,3,2,2,2,2,2,2,2,2,2,1,2,1,1,2,1,1,1,1,2,2,2,3,4,1,1.67,2,45,45,33,42,54,41,4,3.2,6,6,1,1,0,4.33,0,47.5
0,The Big Bang Theory,2 Broke Girls,The Flash,Running Man,infinite challenges,21,2,2,1,1,70,10,5,3,1,1,3,3,5,3,7,7,7,5,4,6,5,3,6,7,7,7,7,7,7,7,7,7,1,1,4,1,1,3,1,1,3,1,1,3,4,4,2,2.07,1,60,70,19,40,49,26,3,6.05,1,1,1,1,0,1,0,37.5
0,How I Met Your Mother,New Girl,Jane the Virgin,Friends,Modern Family,21,2,6,1,1,4,4,0,2,2,2,,,2,2,4,2,2,1,2,2,4,3,1,2,1,2,2,2,3,2,2,2,1,1,1,3,3,1,1,1,1,2,2,1,3,4,1,1.73,0,41,32,11,37,38,18,2,2.15,1,1,1,1,0,1,0,28
0,Scandal,The West Wing,Law and Order SVU,The Office,House Hunters,20,2,5,1,1,41,6,0,2,2,2,,,2,2,2,3,1,1,1,1,3,1,1,1,1,1,1,1,1,1,1,1,2,1,1,2,2,1,1,3,1,5,5,3,6,7,3,2.87,0,30,40,32,46,40,35,3,1.35,1,1,1,1,1,1,0,37.5
0,Running Man,the voice of China,Amazing race,China Daily,The Oprah Winfrey Show,21,2,2,3,1,80,3,1,2,0,1,2,3,5,5,4,4,3,5,5,2,3,2,3,3,2,2,2,2,1,1,1,1,2,3,1,1,1,1,1,1,1,1,2,1,2,2,1,1.4,2,60,29,16,40,33,13,3,2.8,4,4,2,0,0,3.33,0,23
0,Game of Thrones,Anime,BBC Documentaries,Modern Family,Gotham,19,2,2,2,1,39,2,0,0,0,2,,,1,1,1,1,1,1,1,1,1,1,2,1,1,1,1,1,1,1,1,1,1,3,1,4,4,4,2,5,4,3,4,3,5,6,4,3.53,1,34,34,8,13,14,12,4,1.05,2,2,6,0,0,3.33,0,13
0,YouTube,Netflix,n/a,n/a,n/a,25,1,5,6,1,65,0,0,0,0,1,5,3,1,1,4,4,3,3,3,4,1,1,4,2,2,2,1,3,2,1,2,2,1,1,1,1,2,2,1,4,4,1,2,2,4,5,5,2.4,2,75,70,17,18,10,10,5,2.3,3,3,3,0,1,3,1,10
0,Grey's Anatomy,Vampire Diaries,The Originals,Jane the Virgin,The Walking Dead,20,2,2,1,1,70,10,1,7,2,2,,,1,1,3,1,1,1,1,1,1,1,1,1,1,1,1,1,1,1,1,1,1,1,1,1,2,1,1,1,1,1,1,1,1,2,1,1.13,1,60,60,12,30,20,20,3,1.1,1,1,1,1,0,1,0,20
0,Running Man,Infinite Challenge,Happy Camp,We Got Married,I Am A Singer,18,2,2,1,1,90,10,0,10,0,2,,,7,5,7,6,6,4,1,5,7,7,7,7,7,7,7,7,7,7,7,7,1,1,1,1,1,1,1,1,1,2,2,1,2,2,1,1.27,0,60,50,20,40,10,5,3,6.25,1,1,1,1,0,1,0,7.5
0,How I Met Your Mother,Friends,Parks and Recreation,The Office,Ugly Betty,18,1,2,1,2,53,13,0,5,8,2,,,4,4,5,3,4,1,1,4,4,4,2,1,1,1,1,1,3,1,1,1,3,3,2,2,2,2,2,2,2,4,4,4,4,4,3,2.87,0,22,23,11,23,18,8,2,2.35,6,6,1,1,0,4.33,0,13
0,´¦É»ªá÷±,ãÀ__ã¾ö÷¼ä,¾öÔ¾÷ø¾_Î¾äÜ,øáÝ__Ó1988,_»÷__ã_£Ó,21,2,2,3,1,88,7,0,6,0,2,,,6,6,7,6,6,7,3,7,7,7,5,7,7,5,7,7,7,7,7,7,1,3,1,2,2,1,3,2,1,2,3,1,5,5,4,2.4,0,34,68,52,73,75,75,3,6.4,1,1,1,0,0,1,0,75
0,Downton Abbey,House of Cards,Cnn newsroom,The People V OJ Simpson,News,21,2,5,4,1,0,5,0,1,0,2,,,2,2,2,2,1,1,1,1,1,1,1,1,1,1,1,1,1,1,1,2,1,3,1,1,3,1,1,4,1,1,4,1,3,3,2,2,1,35,52,25,43,42,31,4,1.25,1,1,1,0,1,1,1,36.5
0,Vampire Diaries,The Office,Parks and Recreation,Gilmore Girls,Gossip Girl,20,2,3,1,1,30,5,0,5,0,2,,,5,3,5,5,4,4,6,5,6,2,6,1,1,1,1,1,2,1,1,1,2,2,2,2,2,2,1,1,1,3,3,2,4,4,3,2.27,1,15,30,25,40,5,4,2,3.05,1,1,1,1,0,1,0,4.5
0,Grey's Anatomy,Teen Wolf,How to Get Away with Murder,The Fosters,Modern Family,19,2,2,1,1,90,1,2,1,1,2,,,2,2,5,2,4,3,3,2,6,1,4,4,5,5,5,5,5,5,5,7,2,1,1,3,2,1,1,1,1,2,2,1,3,3,2,1.73,2,25,25,15,35,35,30,3,4,1,1,1,1,0,1,0,32.5
0,South Park,The Office,It's Always Sunny in Philadelphia,Mad Men,House,19,1,7,3,1,10,1,0,0,0,2,,,3,2,5,5,4,4,1,1,5,4,5,2,2,3,1,2,3,3,1,1,1,2,1,2,2,1,2,3,2,2,3,1,3,4,2,2.07,1,45,45,30,35,20,15,4,2.85,1,2,1,0,0,1.33,0,17.5
0,Scandal,The Fosters,Jane the Virgin,The Big Bang Theory,How to Get Away with Murder,20,2,6,1,1,65,5,0,3,2,2,,,4,2,5,4,5,3,3,3,4,3,4,1,1,1,1,1,1,1,1,1,1,2,1,1,1,1,1,1,1,2,2,2,3,4,2,1.67,0,38,65,25,40,40,25,4,2.45,1,1,1,1,0,1,0,32.5
0,Game of Thrones,House of Cards,The Big Bang Theory,Charlotte,Gossip Girl,25,2,2,2,3,70,1,1,2,1,1,5,1,7,7,7,7,7,7,7,7,7,7,7,7,7,7,7,7,7,7,7,6,2,2,4,2,2,3,2,2,1,2,2,1,2,2,2,2.07,0,20,21,18,19,18,20,2,6.95,5,5,5,0,0,5,0,19
0,Keeping up with the Kardashians,The People V OJ Simpson,Law and Order SVU,Jane the Virgin,Criminal Minds,19,2,3,3,1,91,10,0,2,8,2,,,3,2,2,2,3,3,2,1,3,1,4,1,1,1,1,1,1,1,1,1,1,1,1,2,2,1,1,1,1,1,1,1,5,5,1,1.67,2,45,56,50,60,60,50,3,1.75,1,1,1,0,0,1,0,55
0,On The Wings of Love,The Fosters,Baby Daddy,N/A,N/A,19,2,2,1,1,65,2,0,2,0,2,,,2,2,3,3,3,4,2,2,2,2,2,1,1,1,1,1,1,1,1,1,2,1,1,3,5,4,2,2,1,1,1,1,4,4,3,2.33,1,60,70,50,65,50,45,2,1.8,1,1,1,1,0,1,0,47.5
1,chinese drama,chinese shows,chinese news,The Walking Dead,The Bachelor,22,2,2,1,1,19,14,14,14,8,1,4,3,4,4,4,4,4,4,4,4,4,4,4,4,4,4,4,4,4,4,4,4,2,2,2,2,2,2,1,1,1,1,1,1,2,2,2,1.6,2,6,8,6,13,10,7,4,4,1,1,1,1,0,1,0,8.5
0,How to Get Away with Murder,Suits,The 100,Vampire Diaries,The Mindy Project,21,2,3,1,1,95,7,0,5,2,2,,,2,2,2,2,2,2,2,2,2,2,2,2,2,2,2,2,2,2,2,2,1,1,1,2,3,2,1,1,1,1,1,1,5,5,4,2,2,30,35,45,45,50,50,4,2,1,3,1,1,0,1.67,0,50
0,Avatar Last Airbender,How I Met Your Mother,The Office,Parks and Recreation,Pokemon,22,1,2,3,1,50,5,0,0,0,2,,,1,1,1,2,2,1,1,1,1,2,1,1,1,1,1,1,1,1,1,1,1,1,1,1,3,1,1,6,4,1,3,1,6,7,4,2.73,1,20,30,21,37,50,50,4,1.15,6,6,6,0,0,6,0,50
0,House,The Big Bang Theory,One Piece,House of Cards,How I Met Your Mother,21,1,3,1,1,20,0,0,0,0,2,,,1,1,2,3,1,2,1,1,3,1,3,1,1,1,1,1,1,1,1,1,2,3,1,2,4,1,2,3,2,2,3,2,3,3,3,2.4,1,30,50,50,50,50,50,5,1.4,6,6,6,1,0,6,0,50
0,Criminal Minds,Law and Order SVU,kpop star,Pretty Little Liars,produce 101,20,2,2,1,1,1,5,0,3,0,2,,,6,3,7,6,5,5,3,6,6,6,6,1,1,1,1,1,1,1,1,1,1,1,1,3,3,3,1,1,1,1,1,1,3,3,5,1.93,2,25,30,10,20,1,1,5,3.4,2,1,1,1,0,1.33,0,1
0,Grey's Anatomy,Scandal,K Michelle: My Life,Love and Hip Hop,Fuller House,19,2,1,1,1,100,2,0,2,0,1,3,4,7,4,4,4,7,4,5,5,4,2,5,2,2,1,1,1,5,4,1,1,1,2,1,1,1,1,1,1,1,1,1,1,1,3,1,1.2,2,50,76,40,70,80,72,2,3.45,4,4,4,1,0,4,0,76
0,N/a,N/a,N/a,N/a,N/a,21,2,4,1,1,9,0,0,0,0,2,,,1,1,2,1,1,2,1,1,1,1,1,1,1,1,1,1,1,1,1,1,1,1,1,2,4,1,1,1,1,1,3,1,5,5,3,2.07,0,40,60,80,60,30,60,5,1.1,1,2,1,1,0,1.33,0,45
0,El Senor de los Cielos,The Walking Dead,That 70's Show,America's Next Top Model,Wives of Beverly Hills,24,2,3,3,1,100,21,15,5,1,2,,,6,3,4,6,4,4,4,4,4,3,3,1,1,2,1,1,6,1,1,1,1,1,1,2,2,1,1,2,1,1,1,1,2,2,2,1.4,0,66,76,50,81,75,77,2,3,3,3,1,0,0,2.33,0,76
0,Grey's Anatomy,Parenthood,Modern Family,The Fosters,Chuck,21,2,2,2,1,22,1,0,0,0,1,1,2,4,5,4,4,4,4,4,4,5,4,4,3,3,3,2,2,2,2,2,2,2,2,1,1,1,1,2,3,1,1,1,1,2,2,1,1.47,0,45,60,45,59,77,68,3,3.35,1,2,1,0,0,1.33,0,72.5
0,Gotham,Daredevil,The Big Bang Theory,That 70's Show,The Ellen Show,22,2,3,3,1,1,8,0,4,4,2,,,7,3,2,7,6,3,7,7,1,2,7,7,6,1,2,5,5,7,7,2,1,1,1,1,1,1,2,2,1,1,1,1,3,4,3,1.6,0,3,5,1,4,5,2,5,4.7,1,2,1,0,0,1.33,0,3.5
0,How I Met Your Mother,Friends,Scandal,Jane the Virgin,How to Get Away with Murder,22,2,3,2,1,19,6,0,4,3,1,3,1,4,2,4,2,4,4,4,4,4,1,2,3,4,1,4,4,4,4,4,4,1,1,1,1,1,1,1,1,1,1,1,1,4,4,4,1.6,2,13,16,24,28,23,19,2,3.35,3,4,2,0,0,3,0,21
0,The Walking Dead,Game of Thrones,The Flash,Sherlock,White Collar,18,2,2,1,1,87,4,0,4,0,2,,,3,3,4,3,6,4,5,5,1,1,3,4,4,4,3,3,3,3,3,5,1,2,1,1,1,1,3,2,1,2,3,1,6,5,1,2.07,2,42,46,19,35,26,13,1,3.5,1,3,1,1,0,1.67,0,19.5
0,Grey's Anatomy,The Office,Parks and Recreation,Vampire Diaries,The Originals,19,2,2,3,1,40,10,0,10,0,1,2,5,6,5,6,6,6,6,6,6,6,3,5,4,4,4,5,4,4,4,4,4,1,2,1,1,1,1,2,2,1,4,3,2,4,4,1,2,0,13,20,66,80,81,75,4,4.9,1,4,1,0,0,2,0,78
0,Grey's Anatomy,The Office,Parks and Recreation,The Walking Dead,Lost,20,1,2,3,1,37,10,0,10,10,1,1,3,2,1,1,1,1,2,1,1,1,1,1,1,1,1,1,1,1,7,1,1,4,4,2,4,4,2,2,3,1,5,5,6,5,5,4,3.73,1,41,41,14,17,20,21,4,1.4,6,6,1,0,0,4.33,0,20.5
0,Downton Abbey,BBC British Baking Show,Curb Your Enthusiasm,Modern Family,New Girl,21,2,2,3,1,65,2,0,1,1,2,,,1,1,3,1,1,1,1,1,1,1,1,1,1,1,1,1,1,1,1,1,1,1,1,1,1,1,1,1,3,1,1,1,6,5,3,1.87,2,15,15,20,25,25,25,1,1.1,2,2,1,0,0,1.67,0,25
0,n/a,n/a,n/a,n/a,n/a,18,2,3,1,1,70,0,0,0,0,1,3,5,2,2,2,2,2,2,2,2,2,2,7,7,7,7,7,7,7,7,7,7,1,1,1,1,2,1,1,1,1,1,1,1,3,3,1,1.33,2,20,20,14,28,28,14,4,4.5,1,1,1,1,0,1,0,21
0,Korean drama,Charmed,Pretty Little Liars,Vampire Diaries,Ghost Whisperer,18,2,2,1,1,92,0,0,20,0,2,,,4,4,7,7,7,4,3,4,7,7,7,7,7,7,7,7,7,7,7,7,1,1,1,2,4,1,1,1,1,4,4,1,1,1,1,1.67,0,40,50,50,50,50,50,4,6.2,,6,1,1,0,3.5,0,50
0,2 Broke Girls,The Big Bang Theory,korean drama,korean dramas,Running Man,21,2,2,1,1,77,3,3,3,0,1,3,3,5,4,4,4,4,4,5,6,6,5,5,4,4,3,3,3,1,2,1,1,1,1,1,1,1,1,1,1,1,1,1,1,1,1,1,1,2,50,81,65,91,92,64,3,3.7,2,2,1,1,0,1.67,0,78
0,hong kong drama,Keeping up with the Kardashians,chinese reality show,Vampire Diaries,Prison Break,21,2,2,3,1,87,2,1,7,4,2,,,3,4,3,5,3,4,4,3,6,4,3,4,3,2,5,5,5,4,5,5,2,1,1,1,1,1,1,1,1,1,1,1,1,1,1,1.07,0,51,92,50,57,48,55,6,4,3,3,3,0,0,3,0,51.5
0,Person of Interest,The Big Bang Theory,Lie To Me,Elementary,Supergirl,20,2,2,1,1,0,34,0,14,0,2,,,5,3,7,5,3,5,6,6,7,5,4,1,1,1,1,1,1,1,1,1,2,2,2,3,3,2,2,3,1,3,3,2,4,4,3,2.6,1,39,50,30,28,29,31,3,3.25,1,1,1,1,0,1,0,30
0,Friends,Dwelling Narrowness,Modern Family,The Walking Dead,Bones,20,2,3,1,1,29,0,0,0,0,2,,,1,1,3,1,1,1,1,1,1,2,2,1,1,1,1,1,1,1,1,1,1,1,1,2,2,2,1,1,1,1,1,1,1,2,1,1.27,0,39,40,24,24,24,24,4,1.2,1,1,1,1,0,1,0,24
0,The Ellen Show,How to Get Away with Murder,NA,NA,NA,21,2,2,1,1,71,5,1,1,3,1,3,3,4,4,4,4,4,4,4,4,4,4,4,4,4,4,4,4,4,4,4,4,1,1,1,1,1,1,1,1,1,2,2,2,2,2,2,1.4,0,39,48,21,13,30,24,7,4,3,3,3,1,0,3,0,27
0,Forensic Files,CSI,NCIS,Food Network,Bones,24,2,2,3,1,50,40,0,20,20,2,,,7,6,5,2,5,5,7,7,7,2,6,1,1,1,1,1,2,1,1,1,2,1,1,3,3,2,3,3,2,3,2,2,4,4,2,2.47,1,30,43,45,50,55,62,2,3.45,2,3,1,0,0,2,0,58.5
0,Chuck,Grey's Anatomy,Master Chef,Friends,Everybody Loves Raymond,20,2,2,3,1,26,0,0,0,0,2,,,4,2,1,3,3,3,3,3,1,1,1,1,1,1,1,1,1,1,1,1,1,1,1,1,1,1,3,4,1,3,4,1,4,6,3,2.33,0,24,36,33,50,40,33,3,1.7,1,1,1,0,0,1,0,36.5
0,The Office,Sons of Anarchy,Parks and Recreation,Grey's Anatomy,It's Always Sunny in Philadelphia,20,2,2,3,1,50,8,0,4,4,2,,,1,1,1,1,1,1,1,1,1,1,1,1,1,1,1,1,1,1,1,1,1,1,1,1,1,1,2,3,1,1,1,1,5,5,1,1.73,1,25,30,24,25,25,25,4,1,1,1,1,0,0,1,0,25
0,Fixer Upper,House Hunters,How to Get Away with Murder,Keeping up with the Kardashians,One Tree Hill,22,2,4,3,1,75,3,0,1,0,2,,,3,1,3,2,4,3,2,3,3,3,2,1,1,1,1,1,1,1,1,1,2,2,1,4,3,1,3,3,1,2,2,1,4,4,2,2.33,1,35,45,50,65,65,45,2,1.9,1,,1,0,0,1,0,55
5,The Bachelor,Grey's Anatomy,Friends,The Voice,Friday Night Lights,19,2,5,2,1,3,2,0,0,0,2,,,3,1,1,2,2,3,3,3,3,1,5,1,1,1,1,1,6,1,1,1,1,1,1,1,1,1,1,1,1,1,1,1,1,2,2,1.13,1,14,25,4,8,24,4,5,2.05,1,2,1,0,1,1.33,0,14
0,Jimmy Kimmel,Jimmy Fallon,The Ellen Show,Once Upon A Time,Younger,20,2,5,3,1,30,2,0,0,2,2,,,1,1,1,1,1,1,1,1,1,1,1,1,1,1,1,1,1,1,1,1,1,2,1,1,3,1,1,2,1,1,2,1,4,4,1,1.73,1,60,70,0,5,1,0,3,1,4,4,2,0,1,3.33,0,0.5
0,Jane the Virgin,The Walking Dead,Vampire Diaries,Once Upon a Time,Orange Is the New Black,21,2,3,1,1,20,4,4,4,1,1,2,4,5,3,6,6,6,6,6,6,6,6,6,6,6,5,2,2,6,5,1,5,1,1,1,1,1,1,1,1,1,1,1,1,1,1,1,1,2,14,27,9,18,19,17,3,5,2,4,1,1,0,2.33,0,18
0,It's Always Sunny in Philadelphia,Grey's Anatomy,Portlandia,Saturday Night Live,Arrested Development,21,2,2,1,1,87,10,10,10,10,1,4,4,5,2,4,2,3,5,4,5,5,5,6,2,2,2,2,2,2,2,2,2,1,2,1,1,2,1,1,2,2,2,2,2,3,4,2,1.87,1,60,70,10,20,30,15,2,3.2,3,3,3,1,0,3,0,22.5
0,Arrow,Madame Antoine,Oh My Venus,Remember,I Hear Your Voice,20,2,2,3,1,80,0,3,0,2,2,,,4,7,7,5,4,5,4,5,6,6,5,7,7,6,7,7,7,7,7,7,1,1,1,1,2,1,1,2,1,1,1,1,3,3,2,1.47,2,11,50,13,34,9,3,1,6,1,1,1,0,0,1,0,6
5,Southland,The Office,Grey's Anatomy,Suits,The Bachelor,21,2,2,3,1,0,8,2,5,1,1,3,1,1,1,3,6,1,1,3,4,5,4,5,1,1,2,1,1,2,1,1,1,1,1,1,2,3,1,1,1,1,1,1,1,1,1,1,1.2,1,35,40,70,75,80,75,1,2.25,1,2,3,0,0,2,0,77.5
0,Scandal,House of Cards,New Girl,Bob's Burgers,netflix movies,21,2,3,3,1,70,10,0,6,4,2,,,5,5,5,5,7,7,2,7,7,7,7,7,7,7,7,7,7,7,7,6,6,1,4,6,4,1,4,1,1,1,1,1,4,4,3,2.8,2,45,30,20,20,21,21,5,6.3,3,4,1,0,0,2.67,0,21
0,NBA,ABC News,Movie Channel,College Football,NFL,20,1,2,1,1,87,15,5,8,2,1,3,3,4,3,4,3,3,4,3,4,3,5,2,1,5,3,4,3,2,2,3,4,4,4,4,4,3,3,3,4,4,4,4,4,4,4,4,3.8,1,46,49,42,39,42,38,4,3.25,2,3,3,1,0,2.67,0,40
0,The Mindy Project,Broad City,Jessica Jones,Saturday Night Live,Orange Is the New Black,20,2,5,1,1,80,5,0,1,4,2,,,1,1,3,1,4,1,1,1,3,2,1,5,2,5,1,1,1,1,5,7,1,1,1,1,1,1,1,1,1,5,4,4,3,5,2,2.13,1,25,45,1,25,23,5,3,2.35,1,1,3,1,1,1.67,0,14
0,Keeping up with the Kardashians,girlfriends guide to divorce,fbi files,Criminal Minds,Forensic Files,22,2,3,2,1,83,8,5,5,5,1,3,4,2,2,3,2,2,2,2,2,4,2,2,2,3,2,2,2,2,2,2,2,1,1,1,1,1,1,1,1,1,1,1,1,1,1,1,1,1,37,72,40,62,47,41,3,2.2,1,1,1,0,0,1,0,44
3,Scandal,White Collar,The Bachelor,The Following,Modern Family,19,2,2,1,1,50,5,0,5,0,2,,,5,2,3,4,4,4,2,4,4,1,3,1,1,1,1,1,2,1,1,1,1,2,1,1,3,3,1,2,1,1,2,1,3,4,1,1.8,2,24,29,8,14,19,9,4,2.3,1,2,1,1,0,1.33,0,14
0,Keeping up with the Kardashians,The People V OJ Simpson,Fuller House,Total Divas,New Girl,22,2,3,3,1,80,1,0,1,1,2,,,5,5,1,6,3,3,4,4,4,4,4,1,1,1,1,1,1,1,1,2,1,1,1,1,2,1,2,3,1,1,1,1,4,4,1,1.67,0,53,68,45,76,78,67,1,2.65,1,1,1,0,0,1,0,72.5
0,House of Cards,CNN,Shark Tank,Comedy Central,SportsCenter,22,1,5,1,1,50,7,0,4,3,1,3,4,7,5,7,6,1,4,4,5,7,5,7,7,7,7,7,7,7,7,7,7,1,3,1,4,1,1,1,1,1,1,2,2,3,3,1,1.73,0,40,50,70,75,80,60,4,6.05,1,1,1,1,1,1,0,70
0,The Walking Dead,Game of Thrones,The Office,Arrow,How I Met Your Mother,20,1,2,2,1,20,4,0,2,2,2,,,1,1,1,1,2,3,1,1,4,1,2,1,1,1,1,1,1,1,1,1,1,1,1,1,1,1,2,2,1,2,1,1,5,6,2,1.87,1,31,43,27,52,45,37,4,1.35,6,6,1,0,0,4.33,0,41
0,Jane the Virgin,America's Next Top Model,The Voice,How I Met Your Mother,Black-ish,19,2,2,2,1,90,1,0,0,1,1,1,3,6,5,7,6,6,6,5,6,7,6,7,7,7,7,7,7,7,7,7,7,1,1,1,1,1,1,2,2,2,1,1,1,1,1,1,1.2,2,29,50,39,39,39,40,2,6.5,1,1,1,0,0,1,0,39.5
0,The League,Psych,Dexter,ESPN,South Park,18,1,5,1,1,29,6,0,2,4,2,,,2,1,3,1,1,2,1,1,2,1,1,1,1,1,1,1,2,1,1,1,1,1,1,2,2,2,2,3,2,2,2,2,4,4,2,2.13,2,29,40,40,45,40,34,4,1.3,2,2,1,1,1,1.67,0,37
0,How to Get Away with Murder,Dr. Ken,The Big Bang Theory,The Flash,Legends of Tomorrow,20,1,3,1,2,50,5,0,1,4,2,,,2,1,2,2,1,2,1,2,2,1,2,2,2,2,2,1,1,1,1,1,2,2,1,2,1,1,2,2,1,1,2,1,3,3,1,1.67,0,50,60,20,30,30,20,3,1.55,1,3,2,1,0,2,0,25
0,Psych,Numbers,Grey's Anatomy,Phineas and Ferb,Mickey Mouse Clubhouse,20,2,2,1,1,11,2,0,2,0,2,,,3,6,7,6,7,7,1,1,6,1,3,7,7,7,7,7,7,7,5,7,1,1,1,3,2,1,1,1,1,3,2,1,1,3,1,1.53,2,40,30,9,30,34,18,3,5.45,1,4,2,1,0,2.33,0,26
0,Jane the Virgin,The Office,Pretty Little Liars,Once Upon a Time,Modern Family,19,2,7,3,1,55,5,1,1,4,1,3,4,1,1,1,1,1,1,1,1,1,1,1,1,1,1,1,1,1,1,1,1,1,1,1,1,1,1,1,1,1,1,1,1,4,4,1,1.4,0,25,35,45,60,60,45,3,1,2,2,1,0,0,1.67,0,52.5
0,The Walking Dead,Criminal Minds,Cheese Trap,Gossip Girl,Sherlock,23,2,2,3,1,60,2,1,6,2,1,2,2,2,1,1,1,2,2,3,2,4,3,1,1,1,2,4,5,2,3,2,2,5,2,1,4,3,4,2,2,1,2,2,4,4,4,1,2.73,0,65,37,39,51,68,72,3,2.2,3,3,3,0,0,3,0,70
0,news,foreign shows,Gossip Girl,none,none,19,2,2,1,1,30,3,0,0,0,2,,,1,1,1,1,1,1,1,1,1,1,1,1,1,1,1,1,1,1,1,1,1,1,1,4,4,1,1,1,1,4,4,1,1,1,1,1.8,1,50,50,0,0,0,0,3,1,1,1,1,1,0,1,0,0
0,How to Get Away with Murder,Chelsea Does,House,Agents of SHIELD,Orphan Black,19,2,2,1,1,20,2,0,2,1,1,4,2,2,2,1,2,3,2,1,1,1,1,3,1,1,1,1,1,1,1,1,1,1,3,1,1,4,2,1,1,1,2,3,3,4,5,1,2.2,0,50,60,30,40,30,35,2,1.4,3,3,3,1,0,3,0,32.5
0,Golf cental,Sportscenter,Family Guy,Breaking Bad,Mad Men,19,1,5,1,1,10,1,1,1,0,1,2,1,1,5,1,1,2,1,1,4,1,4,3,5,4,4,4,4,4,4,4,5,5,5,2,6,4,2,3,2,3,3,2,3,2,3,5,3.33,1,53,62,30,17,10,16,4,3.1,2,3,1,1,1,2,0,13
0,20/20,News 10,ABC Nightly News,The Big Bang Theory,Nightline,20,2,5,3,1,1,7,0,0,2,2,,,1,1,1,1,1,1,1,1,1,1,1,1,1,1,1,1,1,1,1,1,1,1,1,1,1,1,1,1,1,1,1,1,3,3,3,1.4,2,41,54,74,74,72,73,2,1,1,1,1,0,1,1,0,72.5
0,2 Broke Girls,The Big Bang Theory,korean drama,korean dramas,Running Man,21,2,2,1,1,77,3,3,3,0,1,3,3,5,4,4,4,4,4,5,6,6,5,5,4,4,3,3,3,1,2,1,1,2,2,1,2,2,1,2,2,1,2,2,1,3,3,1,1.8,0,50,70,24,31,31,25,4,3.7,2,2,1,1,0,1.67,0,28
0,The People V OJ Simpson,How to Get Away with Murder,Mob Wives,Love and Hip Hop,Various Youtube Channel,23,2,1,3,1,98,2,0,2,0,2,,,1,1,1,1,1,1,1,1,1,1,1,1,1,1,1,1,1,1,1,1,1,1,1,1,1,1,1,1,1,1,1,1,1,1,1,1,0,39,63,38,47,38,42,4,1,1,1,1,0,0,1,0,40
0,0,0,0,0,0,23,2,3,3,1,30,0,0,0,0,2,,,3,2,1,3,1,1,2,1,1,1,2,2,2,1,1,1,2,1,1,1,1,1,1,1,3,1,1,1,1,1,4,1,4,4,1,1.73,2,36,36,91,91,91,88,3,1.5,1,1,1,0,0,1,0,89.5
0,Friends,Friday Night Lights,How I Met Your Mother,Parenthood,The Office,22,1,2,1,1,75,20,0,10,10,2,,,6,3,5,5,6,6,6,6,6,5,6,2,2,2,2,2,2,2,2,2,1,1,1,3,3,1,5,4,2,5,4,2,5,5,3,3,0,40,40,50,50,50,50,4,3.9,3,2,2,1,0,2.33,0,50
0,I'm a singer,the voices of China,Running Man,Running Man,N/A,20,2,2,1,1,92,0,0,0,0,2,,,3,4,3,5,4,4,5,6,4,1,1,1,1,1,1,1,1,1,1,1,3,3,1,3,3,1,2,2,1,3,3,1,3,3,1,2.2,1,5,19,10,39,35,12,5,2.45,2,2,2,1,0,2,0,23.5
0,The Walking Dead,Agents of SHIELD,House of Cards,Modern Family,The Big Bang Theory,23,2,2,4,1,60,10,0,9,1,1,5,5,1,1,1,1,1,1,1,1,1,1,1,1,1,1,1,1,1,1,1,1,1,1,1,1,2,1,1,1,1,1,1,1,5,5,1,1.6,0,40,50,74,90,51,49,7,1,6,6,1,0,0,4.33,1,50
0,News,N/A,N/A,N/A,N/A,21,2,2,4,1,69,5,0,0,0,2,,,1,1,1,2,2,1,1,1,1,1,3,1,1,1,1,1,1,1,1,1,1,1,1,1,1,1,2,2,1,1,1,1,2,2,1,1.27,2,50,80,35,70,36,35,5,1.2,1,1,1,0,0,1,1,35.5
0,The Big Bang Theory,Chicago Med,Code Black,The Magicians,Limitless,18,2,3,1,1,70,5,2,2,1,2,,,2,1,5,5,5,5,5,6,6,4,6,2,2,2,2,2,2,2,2,2,1,1,1,1,2,1,1,1,1,1,1,1,2,2,2,1.27,1,46,61,29,37,20,15,1,3.4,2,2,1,1,0,1.67,0,17.5
0,Saved by the Bell,Friends,Nikita,House of Cards,Korean television,21,2,2,2,1,43,25,5,5,15,2,,,6,3,5,4,2,3,2,1,4,1,2,2,3,2,1,1,3,3,3,5,2,1,1,2,2,1,1,1,1,3,3,2,2,3,2,1.8,1,34,35,19,25,25,20,5,2.8,2,3,2,0,0,2.33,0,22.5
0,Vampire Diaries,The Originals,chinese dramas,thai lakorns,korean dramas,20,2,2,3,1,100,4,4,10,4,1,5,2,1,1,5,1,5,1,1,1,5,1,6,7,7,7,7,7,7,7,7,7,4,3,1,4,4,1,3,5,1,2,2,1,4,4,1,2.67,1,34,56,35,37,29,29,5,4.55,1,1,1,0,0,1,0,29
0,None,None,None,None,None,22,2,5,1,1,55,0,0,0,0,2,,,3,2,3,2,4,3,3,4,5,4,2,1,1,1,1,1,1,1,1,2,1,2,1,3,3,1,4,4,2,3,4,3,4,4,3,2.8,2,61,55,22,28,20,20,3,2.25,1,1,1,1,1,1,0,20
3,Gilmore Girls,What Would You Do?,The Bachelor,One Tree Hill,Shark Tank,20,2,2,1,1,40,5,0,5,0,2,,,2,1,2,2,1,2,2,1,2,1,1,1,1,1,1,1,2,1,1,1,1,1,1,1,1,1,1,1,1,2,1,2,2,2,1,1.27,2,30,35,20,30,35,30,2,1.35,1,1,1,1,0,1,0,32.5
0,Once Upon a Time,adult swims,The Big Bang Theory,NBC news,Fox news,23,1,2,6,2,0,3,0,1,1,2,,,5,4,5,6,6,6,7,4,5,5,5,7,5,1,1,3,6,6,2,4,4,5,2,2,2,1,3,5,2,5,5,4,7,7,2,3.73,0,14,29,18,24,44,38,5,4.65,1,3,5,0,0,3,1,41
0,Sportscenter,Monday Night Football,NBA,MLB,CNN,23,1,2,1,1,30,2,0,0,1,1,2,2,3,3,6,4,4,4,2,2,6,4,2,7,7,4,7,7,7,4,7,7,1,1,1,5,5,5,3,3,1,1,1,1,4,4,2,2.53,1,50,50,50,50,50,50,4,4.85,6,6,1,1,0,4.33,0,50
0,The People V OJ Simpson,Jane the Virgin,Awkward,Chicago Fire,Love and Hip Hop,22,2,2,2,1,6,2,4,0,0,4,2,,,2,2,2,2,2,2,2,2,1,1,1,1,1,1,1,1,1,1,1,1,1,1,1,1,1,1,1,1,1,1,1,2,2,2,1.2,0,60,50,40,60,65,30,3,1.42,,1,1,0,0,1,0,47.5
0,Heroes,American Horror Story,Desperate Housewives,Law and Order SVU,One Tree Hill,21,2,5,3,1,29,15,0,15,5,2,,,4,4,4,4,4,4,4,4,4,3,4,3,3,3,3,3,3,4,4,4,1,1,1,1,2,1,1,2,1,1,2,1,3,3,1,1.47,0,30,51,35,77,79,45,4,3.65,3,4,1,0,1,2.67,0,62
0,Law and Order SVU,Gotham,Rosie,Castle,Quantico,24,2,3,1,1,52,14,0,14,0,1,3,3,7,1,7,4,6,7,7,7,7,1,7,1,7,1,1,7,1,5,6,5,1,1,1,1,1,1,1,1,1,1,1,1,1,1,1,1,0,12,41,52,23,46,17,4,4.75,1,3,1,1,0,1.67,0,31.5
0,Scandal,Pretty Little Liars,Friends,Empire,Recovery Road,21,2,3,3,1,80,5,0,3,2,1,1,2,1,1,1,2,1,1,1,1,1,1,1,1,1,1,1,1,1,1,1,1,2,1,1,5,5,1,1,2,1,3,3,1,4,6,2,2.53,0,19,35,65,75,75,61,2,1.05,1,1,1,0,0,1,0,68
0,Scandal,Grey's Anatomy,Modern Family,Black-ish,Gilmore Girls,20,2,6,1,1,60,8,0,7,1,2,,,1,1,1,1,1,1,1,1,1,1,1,1,1,1,1,1,1,1,1,1,1,1,1,1,1,1,1,1,1,1,1,1,2,2,1,1.13,1,34,35,6,70,70,5,3,1,1,1,1,1,0,1,0,37.5
0,Arrested Development,Breaking Bad,The Real Housewives of Orange County,The Cleveland Show,Law and Order SVU,20,2,3,3,1,100,25,0,5,20,2,,,2,1,3,2,1,2,2,2,6,4,1,1,1,1,1,1,1,1,1,1,1,1,1,1,1,1,1,2,1,1,1,1,1,1,1,1.07,1,19,38,3,5,14,14,6,1.75,1,1,1,0,0,1,0,14
0,John Oliver,John Oliver,John Oliver,John Oliver,Same,27,2,3,1,1,71,1,0,0,1,2,,,1,1,1,1,1,1,1,2,2,1,1,1,1,1,1,1,1,1,1,1,1,1,1,1,1,1,1,1,1,1,1,1,2,2,1,1.13,1,1,1,1,90,96,1,7,1.1,1,2,1,1,0,1.33,0,48.5
0,2 Broke Girls,The Big Bang Theory,Downton Abbey,Sherlock,Hell's Kitchen,20,2,2,1,1,75,0,0,1,2,2,,,5,6,7,5,6,7,5,5,7,6,5,7,7,7,7,7,7,7,7,7,6,3,1,6,2,1,7,2,1,7,1,1,2,7,3,3.33,1,45,45,5,12,12,4,2,6.35,2,2,2,1,0,2,0,8
0,Prison Break,The Following,Sons of Anarchy,Hawaii 5-0,Breaking Bad,22,2,2,1,1,30,3,1,2,0,1,1,2,7,6,6,7,6,7,7,7,6,2,3,2,2,1,1,1,1,1,2,1,1,1,1,2,2,1,1,1,1,2,2,1,2,3,1,1.47,0,25,50,30,46,18,24,3,3.8,2,3,1,1,0,2,0,21
0,The Office,Friends,Arrested Development,The Middle,Sherlock,21,2,7,1,1,30,10,0,0,10,2,,,4,1,2,2,2,2,3,3,3,1,1,1,1,1,1,1,1,1,1,1,1,1,1,4,3,2,2,3,1,1,2,1,4,5,2,2.2,0,4,10,1,20,0,0,2,1.65,1,1,1,1,0,1,0,0
0,The Office,Game of Thrones,Sherlock,Spongebob Squarepants,House of Cards,21,2,2,1,1,100,5,0,0,5,2,,,3,1,6,2,1,1,1,1,1,1,1,1,1,1,1,1,1,1,1,1,1,1,1,1,1,1,1,1,1,1,1,1,1,3,1,1.13,1,30,30,10,20,40,35,4,1.4,1,1,1,1,0,1,0,37.5
0,Modern Family,The Big Bang Theory,2 Broke Girls,Agents of SHIELD,Arrow,21,2,2,1,1,80,5,1,4,0,1,2,3,5,3,5,5,6,6,6,6,6,5,5,4,4,5,5,5,5,5,5,5,3,3,1,2,2,1,3,3,1,3,3,2,3,3,1,2.27,1,18,25,35,29,21,25,3,5.05,2,4,1,1,0,2.33,0,23
0,The Voice,New Girl,Survivor,nba,mlb,20,1,5,1,1,19,20,0,5,5,1,4,4,7,6,7,7,7,7,7,7,7,7,7,7,7,7,4,5,7,7,7,7,1,1,1,1,1,1,1,1,1,1,1,1,5,7,1,1.67,0,50,72,19,20,10,10,2,6.7,3,3,1,1,1,2.33,0,10
0,The Flash,Arrow,NBA,Daredevil,The Walking Dead,21,1,2,3,1,60,4,0,4,0,1,1,2,2,1,6,2,3,3,2,3,5,3,3,6,6,6,6,4,7,6,7,7,3,2,1,3,4,2,4,2,3,3,2,2,4,4,3,2.8,2,40,50,40,30,45,35,3,4.4,3,2,1,0,0,2,0,40
0,The Walking Dead,Breaking Bad,not US,not US,not US,22,2,2,1,1,72,10,0,8,2,2,,,3,3,3,4,3,4,7,5,5,3,6,6,6,6,6,4,6,6,6,4,1,1,1,2,2,1,1,1,1,1,1,1,3,3,2,1.47,2,50,81,90,96,82,34,5,4.8,1,1,1,1,0,1,0,58
0,NA,NA,NA,NA,NA,23,1,4,1,1,84,0,0,0,0,1,2,2,1,1,7,4,4,1,1,3,7,1,1,1,1,1,1,1,1,1,1,1,1,1,1,3,3,1,6,6,4,1,2,1,7,7,2,3.07,2,33,34,51,51,50,51,3,2,6,6,6,1,0,6,0,50.5
0,Modern Family,The Big Bang Theory,CSI,Friends,Seinfeld,19,1,2,1,1,75,6,0,0,6,1,3,4,4,2,5,6,4,3,1,1,1,1,1,1,1,1,1,1,1,1,1,1,1,2,1,2,3,1,1,2,1,1,2,1,5,6,3,2.13,2,75,80,10,15,15,10,6,1.9,1,5,2,1,0,2.67,0,12.5
1,Grey's Anatomy,Scandal,Pretty Little Liars,American Horror Story,The Bachelor,20,2,5,1,1,5,0,2,0,0,3,2,,,5,4,6,5,6,6,5,6,4,4,3,2,2,2,2,2,2,2,2,1,1,1,1,1,1,2,2,1,1,2,1,2,2,1,1.33,2,24,43,14,29,19,9,4,3.68,,1,1,1,1,1,0,14
0,Pablo Escobar,Keeping up with the Kardashians,Grey's Anatomy,The Fosters,Narcos,22,2,3,1,1,60,15,15,0,0,2,,,5,1,7,2,4,1,1,1,6,1,4,1,1,1,1,1,1,1,1,1,1,1,1,1,1,1,1,1,1,2,2,2,2,1,1,1.27,1,45,65,25,45,60,45,3,2.1,2,2,2,1,0,2,0,52.5
0,The Office,The Walking Dead,Parks and Recreation,Game of Thrones,Fear the Walking Dead,20,2,5,3,1,18,3,0,2,1,1,3,1,2,2,2,3,2,3,3,2,1,2,2,1,1,1,1,1,1,1,1,1,1,1,1,2,3,1,1,2,1,2,2,1,1,2,1,1.47,0,37,52,36,49,50,30,2,1.65,2,3,1,0,1,2,0,40
0,Friends,Friends,Friends,Friends,Friends,22,2,3,2,1,51,0,0,0,3,2,,,1,1,1,1,1,1,1,1,1,1,1,1,1,1,1,1,1,1,1,1,1,1,1,1,1,1,1,1,1,1,1,1,1,1,1,1,0,18,15,15,10,10,5,7,1,1,1,1,0,0,1,0,7.5
0,Suits,White Collar,NCIS,NFL Network,ESPN,21,1,5,1,1,14,0,2,0,0,1,2,,,7,1,2,2,5,5,5,5,5,2,4,1,1,1,1,1,1,1,1,1,1,1,1,1,1,1,1,1,1,1,1,1,1,1,1,2,61,60,50,50,50,50,5,2.68,,2,2,1,1,2,0,50
0,NCIS,Bones,How I Met Your Mother,Parks and Recreation,House,26,2,5,6,1,65,1,0,0,1,1,1,3,2,2,3,3,2,2,2,3,3,1,1,1,1,1,1,1,1,1,1,1,3,3,1,4,4,1,4,3,2,3,3,1,4,4,2,2.8,2,62,68,58,74,73,60,4,1.65,1,1,1,0,1,1,1,66.5
0,Castle,Rizzoli and Isles,How to Get Away with Murder,Once Upon a Time,The Big Bang Theory,20,2,5,1,1,75,7,0,6,1,2,,,1,1,1,1,1,1,1,1,1,1,1,1,1,1,1,1,1,1,1,1,1,1,1,1,2,1,1,1,1,1,1,1,2,4,1,1.33,2,45,55,15,60,65,19,4,1,1,1,1,1,1,1,0,42
0,The Walking Dead,None,None,None,None,20,1,2,2,1,31,0,0,0,0,1,2,3,2,2,2,2,2,2,2,2,5,2,2,1,1,1,1,1,1,1,1,5,3,4,1,1,1,1,1,1,1,1,1,1,4,4,4,1.93,0,51,54,72,70,63,62,2,1.9,1,2,1,0,0,1.33,0,62.5
0,Once Upon a Time,Limitless,The Amazing Race,Jane the Virgin,The Flash,22,2,3,3,1,50,14,5,4,0,2,,,7,5,2,7,7,7,7,7,6,2,3,1,1,1,1,1,1,1,1,1,1,1,1,1,1,1,1,1,1,1,1,1,1,1,1,1,2,40,55,45,60,60,30,7,3.45,1,2,2,0,0,1.67,0,45
0,Empire,The Voice,Daredevil,The Ellen Show,Little Big Shots,22,2,2,1,1,75,15,5,5,5,1,3,4,7,4,7,7,6,7,7,7,7,6,6,4,4,3,1,1,5,1,2,4,3,3,1,3,3,1,1,1,1,2,2,1,4,4,1,2.07,1,60,80,50,50,50,50,2,4.8,2,2,1,1,0,1.67,0,50
0,Criminal Minds,Castle,Arrow,The Flash,Smallville,22,2,7,1,1,80,8,0,8,0,2,,,1,1,2,1,1,1,1,1,4,1,1,1,1,1,1,1,1,1,1,1,7,1,7,4,2,4,1,1,1,2,2,2,2,2,2,2.67,2,40,50,16,25,7,5,4,1.2,1,1,1,1,0,1,0,6
0,Modern Family,Fresh off the Boat,Lost,One Tree Hill,Suite Life on Deck,21,1,2,1,1,1,0,0,1,1,5,2,,,1,1,1,1,1,1,1,1,1,1,1,1,1,1,1,1,1,1,1,1,1,1,1,1,1,1,1,1,1,1,1,3,4,2,1.4,1,90,90,10,10,5,5,2,1,,1,2,1,0,1.5,0,5
0,Family Guy,The Simpsons,Arrow,Gotham,Sons of Anarchy,23,1,2,1,1,50,5,0,2,0,2,,,5,6,6,6,3,3,4,4,4,4,3,1,2,3,1,1,1,1,1,1,1,1,1,2,2,2,3,3,3,1,1,1,7,6,6,2.67,0,70,60,50,50,65,65,3,3,1,2,1,1,0,1.33,0,65
0,Chinese idol,American Voice,Ted Talks,Celebrity interview,I'm singer,24,2,2,1,3,100,10,2,4,4,1,3,3,7,7,5,7,6,5,5,6,6,6,6,7,1,4,4,4,4,5,5,5,5,1,2,4,2,1,4,4,4,3,3,2,1,1,1,2.53,0,30,25,25,25,25,25,2,5.25,1,1,1,1,0,1,0,25
0,The Big Bang Theory,Vampire Diaries,Once Upon a Time,Game of Thrones,Modern Family,22,2,2,3,1,50,4,2,3,1,1,4,5,5,4,3,4,1,1,1,1,1,1,2,3,1,1,1,1,1,1,1,1,1,1,4,3,3,3,4,4,3,5,6,4,4,4,4,3.53,0,50,45,70,10,50,5,5,1.75,6,6,2,0,0,4.67,0,27.5
0,Empire,Keeping up with the Kardashians,A Different World,Unusual Suspects,20/20 ID,18,2,1,1,1,24,0,15,9,9,5,2,,,6,6,6,6,6,6,6,6,6,6,6,1,1,1,1,1,1,1,1,1,1,1,1,1,1,1,1,1,1,1,1,1,1,1,1,2,65,80,30,45,50,40,2,3.89,,1,1,1,0,1,0,45
0,N/A,N/A,N/A,N/A,N/A,19,2,2,3,1,10,0,0,5,0,2,,,2,2,2,2,2,2,2,2,4,2,3,5,7,5,7,7,7,5,7,7,2,4,2,5,6,4,2,4,2,3,5,4,3,4,2,3.47,1,40,55,45,55,45,55,3,4.1,1,4,2,0,0,2.33,0,50
0,National Geographic,Documentaries,Charmed,none,none,24,2,5,3,1,92,2,0,0,0,1,5,4,1,1,1,1,1,1,1,1,1,1,1,1,1,1,1,1,1,1,1,1,1,1,1,1,1,1,1,1,1,1,1,1,2,2,2,1.2,2,44,52,60,61,65,65,5,1,1,1,1,0,1,1,0,65
0,Daily Show,@midnight,The Tonight Show,Brooklyn 9-9,Law and Order SVU,34,2,5,1,1,5,20,0,3,10,1,5,2,3,1,3,1,4,2,1,1,3,2,3,2,2,1,1,1,2,1,1,2,2,3,1,3,4,1,1,3,1,1,2,1,2,4,2,2.07,0,74,77,70,63,60,56,5,1.85,4,4,1,1,1,3,0,58
0,Friends,Jane the Virgin,Vampire Diaries,House of Cards,Brothers & Sisters,21,2,5,1,1,80,20,0,10,10,2,,,5,2,1,6,5,4,4,4,1,1,4,1,2,1,1,1,1,1,1,1,1,1,1,1,1,1,1,1,1,1,1,1,3,4,1,1.33,1,39,50,19,61,35,14,1,2.35,1,2,1,1,1,1.33,0,24.5
0,The Office,Adventure Time,Parks and Recreation,A Lie in April,Love,20,2,3,4,1,2,10,0,3,5,2,,,5,5,3,6,7,2,7,4,5,1,1,1,1,1,1,1,1,1,1,1,1,1,1,3,3,3,1,1,1,1,1,1,5,5,3,2.07,1,35,60,40,60,40,60,2,2.75,2,3,1,0,0,2,1,50
0,day day up,happy camp,Running Man,mars agency,Xiaosong show,20,1,2,4,1,10,1,1,8,8,4,2,,,7,7,7,7,7,7,7,7,7,7,7,7,7,7,7,7,7,7,7,3,2,4,3,4,4,7,7,7,7,7,7,4,4,4,4.93,0,40,85,24,40,28,27,5,7,,1,1,0,0,1,1,27.5
0,Running Man,Happy Camp,Day Day Up,The Ellen Show,Saturday Night Live,22,2,2,4,1,20,15,8,5,2,2,,,4,1,7,5,2,2,2,2,7,1,7,5,5,1,1,1,7,7,1,1,1,1,1,1,1,1,1,1,1,4,4,4,4,4,4,2.2,0,60,80,20,40,50,20,3,3.45,1,2,1,0,0,1.33,1,35
0,The Office,Unbreakable,Friends,Real Housewives,Family Guy,21,2,5,2,1,68,13,0,1,5,1,3,2,2,1,3,1,4,3,1,3,1,2,4,2,2,3,1,1,3,1,2,3,2,2,1,3,3,1,1,1,1,2,2,1,3,3,2,1.87,1,40,60,40,65,60,56,5,2.15,2,2,1,0,1,1.67,0,58
0,CSI,Gossip Girl,Chinese drama,Chinese talk shows,Chinese debate show,21,2,2,3,1,84,6,0,2,2,1,4,5,7,5,5,6,4,7,7,7,6,7,7,7,7,7,7,7,7,7,7,7,1,1,1,1,1,1,1,1,1,1,1,1,1,1,1,1,2,71,87,4,30,35,4,3,6.55,1,1,1,0,0,1,0,19.5
0,Scorpion,Elementary,Criminal Minds,Green Arrow,Baby Daddy,22,2,2,1,1,34,15,9,6,0,1,4,3,1,2,1,1,1,1,1,1,1,1,1,1,1,1,1,1,1,1,1,1,2,1,1,3,3,1,1,1,1,3,3,1,4,4,1,2,1,55,70,43,64,74,42,5,1.05,1,2,1,1,0,1.33,0,58
0,Chopped,Man Seeking Woman,The Eric Andre Show,Black Ink Crew Chicago,Empire,21,1,6,1,1,70,8,0,2,6,2,,,1,1,2,1,1,1,1,4,3,3,1,3,4,4,4,4,5,5,3,4,2,4,2,4,4,2,1,1,1,3,3,3,4,6,3,2.87,1,55,77,30,62,63,32,4,2.75,2,3,1,1,0,2,0,47.5
0,Game of Thrones,Silicon Valley,Survivor,How to Get Away with Murder,Girls,21,2,2,1,1,10,10,0,8,2,2,,,1,1,1,1,1,1,1,1,1,2,1,1,1,1,1,1,1,1,1,1,1,1,1,1,1,1,1,1,1,1,1,1,2,2,1,1.13,0,30,40,10,15,10,10,1,1.05,1,1,1,1,0,1,0,10
0,Friends,How to Get Away with Murder,Shadowhunters,Bob's Burgers,Gossip Girl,22,2,2,1,1,25,5,0,1,4,2,,,7,5,6,7,7,5,5,6,7,6,5,1,1,1,1,1,1,1,1,1,2,2,1,2,2,1,1,1,1,3,3,2,2,2,1,1.73,1,25,50,5,10,1,1,2,3.75,4,4,2,1,0,3.33,0,1
0,Brooklyn 9-9,Bob's Burgers,The Legend of Korra,The Office,Avatar the Last Airbender,21,2,5,3,1,10,15,0,0,15,1,3,1,1,1,3,2,1,1,1,1,4,1,1,1,1,1,1,1,1,1,1,1,1,4,1,1,5,2,1,6,4,1,5,3,3,6,3,3.07,2,50,50,71,70,19,9,7,1.3,2,2,2,0,1,2,0,14
0,The Ellen Show,How to Get Away with Murder,NA,NA,NA,21,2,2,1,1,71,5,1,1,3,1,3,3,4,4,4,4,4,4,4,4,4,4,4,4,4,4,4,4,4,4,4,4,1,1,1,1,1,1,1,1,1,4,5,6,7,7,7,3,0,5,5,2,1,2,2,1,4,3,3,3,1,0,3,0,2
0,The Big Bang Theory,Stitchers,Criminal Minds,Beauty and Beast,House,24,2,2,3,1,63,15,0,2,0,1,4,4,3,3,1,1,1,1,1,1,1,1,1,1,1,1,1,1,1,1,1,1,2,1,1,5,5,5,3,3,1,1,1,1,3,3,3,2.53,2,70,12,1,1,85,28,3,1.2,1,1,1,0,0,1,0,56.5
0,Agents of SHIELD,Running Man,The Originals,Castle,House of Cards,21,2,2,1,1,40,15,0,14,1,2,,,6,6,6,6,6,6,7,6,6,1,4,1,1,1,1,1,1,1,1,1,2,2,2,1,1,1,1,1,1,1,2,1,2,2,2,1.47,0,51,62,40,50,51,20,4,3.45,1,1,1,1,0,1,0,35.5
0,Scandal,The Amazing Race,Game of Thrones,Modern Family,The Flash,22,2,5,1,1,9,7,0,5,1,2,,,2,1,2,3,6,2,2,3,2,1,2,1,1,1,1,1,1,1,1,1,2,1,1,5,4,3,2,2,1,3,3,2,3,1,4,2.47,2,39,45,39,55,51,44,2,1.75,2,2,1,1,1,1.67,0,47.5
0,Animals,Girls,Empire,The Girlfriend Experience,Unbreakable Kimmy Schmidt,23,2,3,1,1,25,0,0,0,0,2,,,5,5,2,4,3,2,6,4,2,2,2,1,1,1,1,1,1,1,1,1,3,3,2,1,1,1,1,1,1,3,3,3,2,2,1,1.87,1,80,65,33,77,86,62,1,2.3,1,1,1,1,0,1,0,74
0,Grey's Anatomy,Friends,News,Sports,Entertainment,22,2,2,1,1,70,10,0,8,0,1,3,2,5,5,5,6,6,5,5,6,7,5,5,5,6,6,6,3,3,3,4,3,2,2,2,1,1,1,1,1,1,2,2,2,2,2,2,1.6,1,49,75,50,50,49,49,2,4.95,1,1,1,1,0,1,0,49
0,The Walking Dead,Being Mary Jane,Scandal,How to Get Away with Murder,The View,20,2,1,1,1,41,20,0,15,2,1,5,5,6,4,6,7,6,6,7,7,6,5,6,5,6,4,4,2,6,4,4,4,1,1,1,1,1,1,1,1,1,2,2,2,5,6,4,2,1,39,44,19,34,53,56,3,5.25,2,2,2,1,0,2,0,54.5
0,Empire,American Horror Story,Being Mary Jane,Teen Mom,Wendy Williams Show,22,2,2,3,1,4,0,2,0,0,0,2,,,1,1,1,1,1,1,1,1,1,1,1,1,1,1,1,1,1,1,1,1,3,1,1,3,1,1,1,1,3,4,1,2,4,1,1.87,0,50,70,30,45,40,30,2,1,,6,6,0,0,6,0,35
0,The Office,Parks and Recreation,Game of Thrones,Orange Is the New Black,Spongebob Squarepants,20,2,5,1,3,21,0,0,0,0,2,,,5,4,1,1,4,2,2,1,1,1,7,1,1,1,1,1,1,1,1,1,1,2,1,4,3,2,1,2,1,3,4,2,4,6,5,2.73,1,38,70,38,59,66,54,3,1.9,2,1,1,1,1,1.33,0,60
0,New Girl,Last Week Tonight with John Oliver,Supernatural,Inside Amy Schumer,How I Met Your Mother,21,2,5,1,1,25,5,0,1,3,2,,,2,1,6,4,3,4,2,2,6,2,7,2,3,2,1,3,1,2,1,3,1,2,1,1,2,1,1,1,1,1,2,1,1,3,1,1.33,0,40,61,25,35,30,20,3,2.85,1,2,1,1,1,1.33,0,25
0,The Flash,Arrow,How I Met Your Mother,Dexter,Daredevil,21,1,2,3,1,75,2,0,0,0,2,,,3,1,1,4,5,1,1,1,6,1,4,7,7,7,7,7,7,7,7,7,1,1,1,1,1,1,1,1,1,1,1,1,1,1,1,1,0,25,35,40,40,40,40,2,4.55,3,3,1,0,0,2.33,0,40
0,Bob's Burgers,Bates Motel,Seinfeld,local news,Family Guy,26,2,2,1,1,50,28,0,0,22,1,5,1,1,1,1,1,1,1,1,1,1,1,1,1,1,1,1,1,1,1,1,1,1,1,1,1,1,1,1,1,1,1,1,1,1,1,1,1,1,50,85,39,80,81,60,4,1,1,2,1,1,0,1.33,0,70.5
5,The Bachelor,The Voice,-,-,-,22,2,5,1,1,16,1,0,1,0,2,,,1,1,3,3,5,3,1,2,5,1,5,1,1,1,1,1,1,1,1,1,1,2,1,1,3,1,1,2,1,1,2,1,1,2,1,1.4,0,30,48,24,26,50,30,2,1.95,1,1,1,1,1,1,0,40
0,Breaking Bad,Teen Mom,Family Guy,Real World,Cutthroat Kitchen,20,2,6,3,1,31,20,0,15,5,1,4,5,3,1,2,2,3,4,2,3,1,1,1,1,1,1,1,1,1,1,1,1,1,1,1,2,2,1,2,2,1,1,1,1,5,5,3,1.93,1,37,45,36,36,18,1,4,1.6,1,1,1,0,0,1,0,9.5
0,The Office,Malcolm in the Middle,Futurama,30 Rock,Frasier,21,2,6,1,1,35,7,0,0,7,1,2,2,2,2,2,2,2,2,2,2,2,1,3,1,1,1,1,1,1,1,1,1,2,2,1,2,2,1,4,4,4,2,2,1,5,5,5,2.8,2,45,45,30,30,25,25,3,1.55,6,6,1,1,0,4.33,0,25
0,Dexter,The Walking Dead,True Blood,How to Get Away with Murder,Orange Is the New Black,18,2,5,2,1,60,8,0,8,0,1,4,5,3,3,7,4,6,4,1,2,6,5,6,6,7,7,7,6,7,7,7,7,1,2,1,2,1,1,1,3,1,2,1,1,4,4,1,1.73,1,40,55,19,34,60,19,2,5.4,6,6,5,0,1,5.67,0,39.5
0,Sports,Survivor,Quantico,Amazing Race,Spongebob Squarepants,18,2,2,1,1,65,0,0,0,0,2,,,1,1,1,1,1,1,1,1,1,1,1,1,1,1,1,1,1,1,1,1,2,2,2,2,3,1,2,2,1,4,4,4,4,3,2,2.53,2,35,38,49,56,56,50,2,1,1,1,1,1,0,1,0,53
0,Fresh off the Boat,Black-ish,Young and Hungry,The Big Bang Theory,The Simpsons,22,2,2,1,1,40,2,0,1,1,2,,,1,1,1,1,1,1,1,1,1,1,1,1,1,1,1,1,1,1,1,1,2,1,1,1,1,2,2,2,2,1,2,2,4,4,2,1.93,0,30,35,35,30,40,50,4,1,1,1,1,1,0,1,0,45
0,How I Met Your Mother,Game of Thrones,Suits,Brooklyn 9-9,Arrow,21,2,2,3,1,72,7,0,1,7,2,,,5,1,4,3,1,1,1,1,6,1,6,1,2,1,1,1,3,1,2,2,1,1,1,3,3,2,1,2,1,5,3,3,4,4,2,2.4,1,30,36,15,10,7,15,3,2.2,2,2,1,0,0,1.67,0,11
0,Gossip Girl,Grey's Anatomy,Jane the Virgin,Fuller House,Quantico,19,2,2,1,1,10,7,7,5,2,2,,,5,1,2,1,1,1,6,1,3,1,2,1,1,5,1,5,5,1,2,4,1,1,1,3,3,1,1,1,1,1,1,1,3,4,2,1.67,2,41,60,21,35,29,28,2,2.45,2,3,1,1,0,2,0,28.5
0,Descendants of the Sun (Korean Drama),Japanese Anime,NCT Life (Korean show),GOT7ing (Korean show),K-drama,20,2,2,1,1,90,5,0,5,0,2,,,5,3,7,6,7,6,7,7,7,7,7,1,1,2,1,1,1,1,1,1,1,1,1,3,3,2,1,1,1,1,1,1,5,4,1,1.8,2,5,20,5,40,30,2,2,3.95,1,1,1,1,0,1,0,16
0,Firefly,Portlandia,Avatar The Last Airbender,n/a,n/a,19,2,2,3,3,2,0,0,0,0,1,5,2,3,5,6,3,4,1,1,7,3,7,4,3,7,7,5,1,1,1,1,7,1,1,1,1,1,1,1,1,1,1,1,1,4,4,4,1.6,0,23,38,39,43,71,73,5,3.85,1,1,1,0,0,1,0,72
0,Chowder,Young and Hungry,Once Upon a Time,New Girl,Twilight Zone,19,2,4,3,1,75,5,0,4,1,2,,,2,2,2,3,1,1,3,2,7,3,1,1,1,1,1,1,1,1,1,1,1,1,1,5,4,1,4,2,1,1,1,1,7,7,6,2.87,0,40,70,55,75,85,35,1,1.8,1,1,1,0,0,1,0,60
0,Pretty Little Liars,Cake Boss,Cupcake Wars,Keeping up with the Kardashians,Orange Is the New Black,18,2,2,1,1,32,1,1,1,1,1,1,1,4,4,4,4,4,4,4,4,4,4,2,2,2,2,2,2,2,2,2,2,1,1,3,2,1,1,2,2,2,2,2,2,2,2,2,1.8,2,50,75,73,68,61,51,1,3,1,1,1,1,0,1,0,56
0,30 Rock,Law and Order SVU,Grace and Frankie,Parks and Recreation,Grey's Anatomy,20,2,5,1,1,11,5,0,4,1,2,,,7,4,4,6,4,2,2,2,2,2,2,2,1,1,1,1,3,1,1,1,1,2,1,2,3,1,1,1,1,1,1,1,3,4,1,1.6,1,45,50,37,46,40,36,3,2.45,4,4,4,1,1,4,0,38
0,Not applicable,Not applicable,Not applicable,Not applicable,Not applicable,19,1,5,1,1,60,0,0,0,0,2,,,1,1,1,1,1,1,1,1,1,1,1,1,1,1,1,1,1,1,1,1,1,3,2,1,2,2,4,4,3,4,4,3,5,4,4,3.07,2,40,35,20,30,25,20,5,1,6,6,1,1,1,4.33,0,22.5
0,Game of Thrones,Brooklyn 9-9,Bob's Burgers,Jane the Virgin,The Daily Show,19,2,3,1,3,39,1,0,1,1,2,,,1,1,3,1,1,1,1,1,3,3,5,5,5,1,1,4,1,1,1,1,1,1,1,2,1,1,1,1,1,1,1,2,3,2,2,1.4,1,10,10,1,6,4,3,1,2.05,1,2,1,1,0,1.33,0,3.5
0,N/A,N/A,N/A,N/A,N/A,19,1,2,1,1,0,0,0,0,0,5,2,,,1,1,4,1,4,1,1,1,4,4,4,1,1,1,1,1,1,1,1,2,3,1,5,5,3,3,5,2,4,4,1,5,5,2,3.33,0,30,30,60,60,60,50,2,1.79,,2,1,1,0,1.5,0,55
0,None,None,None,None,None,18,1,2,1,1,20,0,0,0,0,2,,,5,3,5,5,5,2,2,3,3,4,3,3,3,2,3,3,4,4,4,4,2,3,1,3,3,1,1,3,2,1,2,2,5,6,4,2.6,2,39,70,5,5,5,5,4,3.5,3,3,1,1,0,2.33,0,5
0,Supernatural,The Originals,Stitchers,Vampire Diaries,Reign,19,2,7,1,1,63,2,0,2,1,1,1,1,4,3,7,5,6,7,7,5,4,3,7,6,4,6,6,5,5,5,6,6,1,1,1,1,1,1,1,1,1,1,1,1,2,3,2,1.27,1,3,4,5,5,1,0,4,5.35,1,1,1,1,0,1,0,0.5
0,The Walking Dead,90210,Breaking Bad,Gossip Girl,Family Feud,19,2,3,1,1,50,3,0,0,0,2,,,3,2,6,5,4,4,3,3,5,3,5,7,7,7,4,5,7,7,7,7,1,1,1,2,1,1,1,1,1,3,3,2,4,4,2,1.87,1,31,60,10,80,20,15,4,5.05,1,1,1,1,0,1,0,17.5
0,Game of Thrones,Suits,One Piece,Daredevil,Black Sails,22,1,2,1,1,30,10,0,0,0,2,,,4,4,6,6,4,5,6,5,5,3,3,6,6,1,2,4,3,2,5,7,2,2,2,1,1,1,1,1,2,2,2,2,4,5,5,2.2,2,14,12,18,51,30,9,3,4.35,4,4,4,1,0,4,0,19.5
,Parks and Recreation,Bob's Burgers,How I Met Your Mother,"Diners	Drive-Ins			18	2	2	1	1	0	3	0	1	2	3	0	2			1	1	4	1	1	1	1	1	4	1	3	1	1	1	1	1	1	1	1	2	1	1	1	1	1	1	1	1	1	1	3	3.00	2	1	1	34	36	10	10	10	10.00	2.00	8	1			1.00000000000	8.01666666667	1	1.20		-7.02	22.50	2.00	2.47	2.98	3.00	3.00	4.00	4.00	4.00	4.00	.00		.48	1.41	.50	1.38	1.50	4.00	3.00	4.00	4.00	4.00	4.00	2.00	8.29	9.49	11.42	-1.92	1.00	4.86	.00	10.00	3.16	4.86
Scrubs	The Unbreakable Kimmy Schmidt	Bates Motel	Rectify	Hart of Dixie	20	2	2	1	1	2	0	1	1	1	4	2			4	4	4	4	4	4	1	2	1	1	1	1	1	1	1	1	1	1	1	1	1	1	1	1	1	1	4	1	1	4	1	1	4	1	1.60	2	50	50	10	10	10	10	6	.00	2.00		1	1	.00000000000	.00000000000	.00000000000	0	1.60	.00	.00	10.00	.00	.00	.00	1.00	1.00	1.00	1.00	1.00	1.00	1.00	.00	.48	1.41	.50	3.11	1.00	1.00	1.00	1.00	1.00	1.00	1.00	4.00	.00	.00	.00	.00	2.00	1.00	.00	10.00	2.45	1.00
N/A	N/A	N/A	N/A	N/A	19	2	2	1	1	30	0	0	0	0	2			3	3	4	4	3	4	1	1	5	1	1	1	1	1	1	1	1	1	1	1	1	1	1	2	2	1	1	2	1	2	2	1	4	5	2	1.87	2	40	40	20	20	20	20	4	.00	1.95	1	1	1	.00000000000	.00000000000	.00000000000	0	1.87	.00	.00	20.00	.00	.00	.00	1.00	1.00	1.00	1.00	1.00	1.00	1.00	.00	.47	1.40	.51	2.90	1.00	1.00	1.00	1.00	1.00	1.00	1.00	4.00	.00	.00	.00	.00	2.00	1.00	.00	20.00	2.00	1.00
Song of Joy	Running Man	We are in love	The voice of china	With you all the way	22	2	2	1	1	60	35	35	0	0	1	1	1	7	7	7	7	7	7	7	7	7	7	7	7	7	7	7	7	7	7	7	7	1	1	1	2	2	1	1	1	1	1	1	1	1	1	1	1.13	1	100	100	82	90	80	80	4	1.45	7.00	1	1	1	1.42857142857	4.00000000000	3.50000000000	1	1.13	1.43	.50	83.00	1.43	4.00	3.50	1.00	2.00	1.00	1.00	2.00	2.00	1.00	.00	.90	2.65	.14	7.00	7.00	1.00	2.00	1.00	1.00	2.00	2.00	4.00	1.45	3.25	3.25	.00	1.00	1.00	.00	80.00	2.00	1.00
Quantico	Grey's Anatomy	Modern Family	Empire	I do not watch that much TV	18	2	5	1	1	2	3	1	2	1	2			4	2	6	6	4	4	4	2	7	7	7	7	7	7	7	7	7	7	7	7	1	1	1	1	3	1	1	1	1	2	2	1	3	3	1	1.53	0	40	40	9	14	12	13	1	9.42	5.80	1	1	1	9.57746058290	12.67500000000	11.54583333330	0	1.53	9.58	1.13	12.00	2.39	3.17	2.89	4.00	4.00	3.00	4.00	5.00	4.00	1.00	1.00	.83	2.41	.17	4.60	7.00	4.00	4.00	4.00	4.00	5.00	4.00	4.00	9.41	12.38	11.34	1.04	1.00	1.00	.00	12.50	1.00	1.00
White Collar	Lie To Me	Last Week Tonight	So You Think You Can Dance	How I Met Your Mother	19	2	2	1	1	70	15	0	5	5	2			7	5	7	4	7	7	7	5	3	3	1	1	1	1	1	1	1	1	1	1	4	3	1	4	4	1	4	4	2	4	4	1	4	4	1	3.00	2	50	50	49	50	50	50	3	4.94	3.25	1	1	1	4.90000000000	6.80000000000	5.14736842105	0	3.00	4.90	1.65	49.75	2.45	3.40	2.57	2.00	3.00	2.00	2.00	3.00	2.00	1.00	.00	.63	1.80	.31	5.50	1.00	2.00	2.00	2.00	2.00	3.00	2.00	4.00	4.94	6.20	5.29	.91	3.00	1.00	.00	50.00	1.73	1.00
Game of Thrones	The Good Wife	Scandal	Jane the Virgin	Black-ish	21	2	2	1	1	10	0	8	2	2	3	2			7	5	7	5	5	6	5	6	7	6	5	7	7	7	7	7	7	7	7	1	1	1	1	1	1	1	1	1	1	1	1	2	2	1	1.13	0	55	60	35	75	76	35	6	8.47	6.32		2	3	8.93319838057	10.13967611340	8.67375168691	0	1.13	8.93	1.47	55.25	2.98	3.38	2.89	4.00	3.00	3.00	4.00	4.00	3.00	1.00	.00	.86	2.51	.16	5.89	6.70	4.00	4.00	3.00	4.00	4.00	3.00	5.00	8.46	9.90	8.28	1.62	1.00	2.50	.00	55.50	2.45	2.50
Parks and Recreation	Late Show with Stephen Colbert	Conan	The Daily Show with Jon Stewart	Last Week Tonight with John Oliver	19	1	2	1	1	9	3	1	1	1	2			5	5	6	5	3	3	3	4	6	3	3	7	6	5	5	6	6	6	6	6	3	2	2	3	3	3	3	2	2	3	3	2	4	4	2	2.73	0	65	58	26	34	26	25	5	1.61	4.95	4	4	1	1.46666666667	1.87500000000	2.37500000000	0	2.73	1.47	-.50	27.75	1.47	1.88	2.38	1.00	1.00	1.00	1.00	1.00	1.00	1.00	.00	.77	2.22	.20	4.30	5.60	1.00	1.00	1.00	1.00	1.00	1.00	3.00	1.61	1.90	2.30	-.40	3.00	3.00	.00	25.50	2.24	3.00
Military Channel	Military Channel	Military Channel	Military Channel	Military Channel	19	1	5	1	1	5	1	0	0	0	2			6	6	6	6	6	6	4	6	7	5	6	5	5	3	2	5	7	3	2	1	1	1	1	1	1	1	1	1	1	1	1	1	3	3	1	1.27	0	31	31	10	15	10	10	3	.00	4.85	1	1	1	.00000000000	.00000000000	.00000000000	0	1.27	.00	.00	11.25	.00	.00	.00	1.00	1.00	1.00	1.00	1.00	1.00	1.00	1.00	.77	2.20	.21	5.80	3.90	1.00	1.00	1.00	1.00	1.00	1.00	4.00	.00	.00	.00	.00	1.00	1.00	.00	10.00	1.73	1.00
Archer	Orphan Black	X-FIles	Steven Universe	Food Network	20	1	5	1	2	2	0	1	0	0	0	2			1	1	5	1	1	1	1	1	5	2	1	7	7	7	7	7	7	7	7	1	1	1	1	2	1	2	2	1	2	2	1	3	4	2	1.73	2	47	53	21	35	30	30	2	.00	4.00		1	1	.00000000000	.00000000000	.00000000000	0	1.73	.00	.00	29.00	.00	.00	.00	1.00	1.00	1.00	1.00	1.00	1.00	1.00	1.00	.70	2.00	.25	1.89	5.90	1.00	1.00	1.00	1.00	1.00	1.00	4.00	.00	.00	.00	.00	2.00	1.00	.00	30.00	1.41	1.00
Parks and Recreation	New Girl	Gilmore Girls	Gossip Girl	The Office	19	2	5	3	1	81	2	0	0	2	2			3	3	7	3	2	1	1	2	7	2	3	7	7	7	7	7	7	7	7	7	1	1	1	1	1	1	3	5	1	1	1	1	6	3	1	1.87	1	65	85	35	80	30	15	4	11.19	4.85	2	2	1	11.11098901100	12.63442982460	14.56907894740	0	1.87	11.11	-1.93	40.00	2.22	2.53	2.91	5.00	4.00	4.00	5.00	5.00	5.00	.00	1.00	.77	2.20	.21	3.10	6.60	5.00	4.00	4.00	5.00	5.00	5.00	3.00	11.19	12.42	14.08	-1.65	2.00	1.67	.00	22.50	2.00	1.67
Survivor	Scandal	Grey's Anatomy	Quantico	The Bachelor	19	2	5	2	1	8	0	4	1	1	0	1	3	2	2	1	6	2	6	2	2	1	4	1	3	4	5	1	1	1	5	5	5	3	3	1	3	3	1	1	1	1	4	4	1	5	5	1	2.47	0	40	55	15	25	28	20	5	12.34	2.95		3	4	12.65223012280	16.97564102560	14.89743589740	0	2.47	12.65	2.08	22.00	2.53	3.40	2.98	5.00	6.00	4.00	5.00	6.00	5.00	.00	1.00	.60	1.72	.34	2.80	3.10	5.00	6.00	4.00	5.00	6.00	5.00	5.00	12.32	16.04	14.16	1.88	3.00	3.50	.00	24.00	2.24	3.50
Orange Is the New Black	The Simpsons	None	None	None	19	2	2	3	1	10	2	0	2	0	2			6	2	6	5	5	5	5	5	5	5	1	1	1	1	1	1	1	1	1	1	1	1	1	1	1	1	1	1	1	1	1	1	4	4	2	1.47	2	32	33	1	1	1	2	4	1.97	2.95	1	2	1	4.79166666667	5.66176470588	6.47549019608	0	1.47	4.79	-.81	1.25	2.40	2.83	3.24	2.00	2.00	2.00	2.00	2.00	3.00	.00	.00	.60	1.72	.34	4.90	1.00	2.00	2.00	2.00	2.00	2.00	3.00	3.00	4.76	5.70	6.28	-.58	1.00	1.33	.00	1.50	2.00	1.33
Friends	That 70's Show	Dexter	Orange Is the New Black	Young and Hungry	25	2	1	60	7	0	3	0	3	0		3	2	1	2	2	2	2	2	2	2	2	2	2	2	2	2	2	2	2	2			1	2	2	2	1	1	1	2	2	2	3	3	1			1.77		26	40	35	15	4	1	1	4.50	1.94	1	5	1	7.49551282051	8.05000000000	10.36666666670		1.77	7.50	-2.32	13.75	2.50	2.68	3.46	3.00	3.00	3.00	4.00	3.00	4.00		.00	.47	1.39	.52	1.90	2.00	3.00	3.00	3.00	4.00	3.00	4.00	3.00	7.44	8.22	9.62	-1.40	2.00	2.33	1.00	2.50	1.00	2.33
Law and Order SVU	Criminal Minds	Skins	Cutthroat Kitchen	The Great British Baker	20	2	5	1	1	13	20	0	0	3	1	5	3	6	4	4	6	2	2	7	7	1	1	1	1	4	1	3	3	2	2	1	1	1	2	1	1	2	1	1	1	1	2	3	3	1	3	1	1.60	0	35	40	13	35	35	14	5	6.88	2.95	3	3	3	4.48251748252	5.57777777778	6.96666666667	1	1.60	4.48	-1.39	24.25	2.24	2.79	3.48	2.00	2.00	2.00	2.00	2.00	3.00	1.00	1.00	.60	1.72	.34	4.00	1.90	2.00	2.00	2.00	2.00	2.00	3.00	3.00	4.50	5.37	6.48	-1.11	2.00	3.00	.00	24.50	2.24	3.00
Modern Family	Friends	That 70's Show	Rick and Morty	How I Met Your Mother	19	1	5	1	1	60	5	0	0	0	2			2	2	5	4	5	4	3	3	5	5	3	5	6	5	6	6	6	4	3	3	1	1	1	3	3	3	2	2	1	2	2	2	3	3	2	2.07	2	20	20	40	40	30	20	2	.00	4.25	1	1	1	6.87608695652	7.72500000000	9.83486842105	0	2.07	6.88	-2.11	32.50	2.29	2.58	3.28	3.00	3.00	3.00	3.00	3.00	4.00	1.00	1.00	.72	2.06	.24	3.80	4.70	3.00	3.00	3.00	3.00	3.00	4.00	3.00	6.89	7.93	9.55	-1.62	2.00	1.00	.00	25.00	1.41	1.00
SportsCenter	NBA on TNT	Around the Horn	Various soccer shows	Various other ESPN shows	21	1	3	2	1	75	0	0	0	0	1	4	5	5	1	6	3	6	6	1	2	6	1	2	1	1	1	1	1	2	1	1	1	1	1	1	1	4	1	5	6	2	1	2	1	6	6	3	2.73	1	15	30	25	40	60	50	6	.00	2.45	4	4	1	.00000000000	.00000000000	.00000000000	1	2.73	.00	.00	43.75	.00	.00	.00	1.00	1.00	1.00	1.00	1.00	1.00	.00	.00	.54	1.57	.41	3.70	1.20	1.00	1.00	1.00	1.00	1.00	1.00	4.00	.00	.00	.00	.00	3.00	3.00	.00	55.00	2.45	3.00
none	none	none	none	none	19	2	2	1	1	75	7	0	4	3	1	3	3	4	4	4	4	4	4	4	4	4	4	4	4	4	4	4	4	4	4	4	4	3	3	1	4	4	1	1	1	1	5	5	4	3	3	1	2.67	0	17	29	19	25	27	30	3	7.54	4.00	1	1	1	.00000000000	.00000000000	.00000000000	1	2.67	.00	.00	25.25	.00	.00	.00	1.00	1.00	1.00	1.00	1.00	1.00	1.00	.00	.70	2.00	.25	4.00	4.00	1.00	1.00	1.00	1.00	1.00	1.00	4.00	.00	.00	.00	.00	3.00	1.00	.00	28.50	1.73	1.00
Vampire Diaries	Awkward	Catfish	Pretty Little Liars	Keeping up with the Kardashians	19	2	2	2	1	30	5	1	2	2	2			5	1	3	6	4	3	5	6	3	1	3	1	1	1	1	1	1	1	1	1	2	1	1	3	2	3	3	3	3	3	3	2	4	4	2	2.60	2	60	82	30	55	60	20	3	8.32	2.45	1	2	1	8.01904761905	8.43463203463	9.34502164502	0	2.60	8.02	-.91	41.25	2.67	2.81	3.12	3.00	3.00	3.00	4.00	3.00	3.00	.00	.00	.54	1.57	.41	3.70	1.20	3.00	3.00	3.00	4.00	3.00	3.00	3.00	7.54	8.12	8.83	-.71	3.00	1.33	.00	40.00	1.73	1.33
Friends	Empire	How to Get Away with Murder	The Unbreakable Kimmy Schmidt	The Bachelor	19	2	5	2	1	10	2	0	2	0	1	4	2	6	2	6	5	4	4	4	4	4	1	3	3	4	2	2	2	5	2	2	5	1	1	1	2	2	1	1	1	1	1	1	1	2	2	1	1.27	1	30	39	17	50	31	23	2	2.95	3.50	1	1	1	11.44810924370	13.38461538460	12.98910256410	1	1.27	11.45	.40	30.25	2.86	3.35	3.25	5.00	4.00	4.00	5.00	5.00	5.00	.00	1.00	.65	1.87	.29	4.00	3.00	5.00	4.00	4.00	5.00	5.00	5.00	4.00	10.97	12.71	12.16	.54	1.00	1.00	.00	27.00	1.41	1.00
Gossip Girl	90210	Parenthood	The Bachelorette	Revenge	18	2	5	1	1	10	10	0	5	5	1	3	4	4	6	4	4	6	4	7	6	3	2	7	3	5	2	1	4	6	6	4	3	1	1	1	1	3	3	6	6	4	4	3	3	4	4	4	3.20	0	39	65	28	60	39	56	4	5.12	4.35	3	3	3	6.25000000000	5.93750000000	6.56250000000	1	3.20	6.25	-.63	45.75	3.13	2.97	3.28	3.00	2.00	2.00	3.00	2.00	3.00	1.00	1.00	.73	2.09	.23	4.60	4.10	3.00	2.00	2.00	3.00	2.00	3.00	3.00	5.95	5.42	6.40	-.98	3.00	3.00	.00	47.50	2.00	3.00
New Girl	The Voice	Bob's Burgers	The Tonight Show	n/a	19	2	3	2	1	65	10	3	2	5	1	2	2	5	3	4	4	6	5	5	5	4	4	4	2	3	3	1	2	2	2	1	1	1	1	1	1	1	1	1	1	1	1	1	1	1	1	1	1.00	2	30	50	44	72	72	54	4	8.55	3.30	1	1	1	5.09615384615	6.61666666667	9.10000000000	1	1.00	5.10	-2.48	60.50	1.70	2.21	3.03	2.00	2.00	3.00	2.00	3.00	3.00	.00	.00	.63	1.82	.30	4.50	2.10	2.00	3.00	3.00	3.00	3.00	3.00	2.00	5.12	6.44	8.69	-2.25	1.00	1.00	.00	63.00	2.00	1.00
The Office	Grey's Anatomy	Girls	New Girl	Parks and Recreation	18	2	3	1	1	62	0	0	0	0	2			1	1	2	3	4	3	2	2	4	2	5	4	5	2	2	2	4	4	2	2	1	1	1	3	2	1	2	2	1	2	1	1	3	2	1	1.60	1	41	28	65	54	12	1	5	.00	2.80	2	3	4	8.58021978022	10.14692982460	11.33991228070	0	1.60	8.58	-1.19	33.00	2.15	2.54	2.83	4.00	3.00	3.00	4.00	4.00	4.00	1.00	.00	.58	1.67	.36	2.40	3.20	4.00	4.00	4.00	4.00	4.00	4.00	3.00	8.55	10.24	10.94	-.70	2.00	3.00	.00	6.50	2.24	3.00
None	None	None	None	None	20	2	5	1	1	0	0	0	0	0	3	1	2	2	3	4	4	4	4	4	4	4	4	4	4	3	4	4	4	4	4	4	4	7	1	1	1	1	1	1	4	1	1	1	1	1	4	1	1.80	0	25	15	22	80	81	51	1	1.80	3.80		3	4	.00000000000	.00000000000	.00000000000	0	1.80	.00	.00	58.50	.00	.00	.00	1.00	1.00	1.00	1.00	1.00	1.00	1.00	1.00	.68	1.95	.26	3.70	3.90	1.00	1.00	1.00	1.00	1.00	1.00	4.00	.00	.00	.00	.00	2.00	3.50	.00	66.00	1.00	3.50
Adventure Time	Regular Show	Bob's Burgers	Rick and Morty	Gravity Falls	18	2	2	3	3	40	4	0	2	0	1	1	3	2	2	4	2	1	1	1	1	1	1	2	1	1	1	1	1	1	1	1	4	2	4	1	1	4	1	1	1	1	5	4	5	5	5	5	3.00	1	50	70	30	49	65	66	5	10.69	1.50	6	6	3	1.75000000000	2.20000000000	3.60000000000	1	3.00	1.75	-1.40	52.50	1.75	2.20	3.60	1.00	1.00	1.00	1.00	1.00	2.00	.00	.00	.40	1.22	.67	1.60	1.40	1.00	1.00	1.00	1.00	1.00	2.00	3.00	1.80	2.00	3.29	-1.29	3.00	5.00	.00	65.50	2.24	5.00
Gossip Girl	Grey's Anatomy	Friends	NCIS	Vampire Diaries	20	2	5	3	1	30	3	0	2	1	1	1	2	5	4	5	3	4	6	4	5	3	3	4	3	4	2	4	3	4	5	4	5	2	2	1	2	2	2	3	3	2	2	3	1	2	3	1	2.07	1	51	65	18	32	30	23	4	8.39	4.00	1	1	1	11.10494505490	12.71607142860	13.70297619050	1	2.07	11.10	-.99	25.75	2.78	3.18	3.43	5.00	4.00	4.00	5.00	5.00	5.00	.00	1.00	.70	2.00	.25	4.20	3.80	5.00	4.00	4.00	5.00	5.00	5.00	3.00	10.69	12.15	12.84	-.69	2.00	1.00	.00	26.50	2.00	1.00
The Office	Criminal Minds	Modern Family	Keeping up with the Kardashians	American Crime Story	19	2	5	1	1	2	15	10	2	3	2			4	3	3	5	5	4	6	6	4	3	4	1	2	1	1	1	2	1	1	1	1	1	1	2	2	1	1	1	1	3	4	4	2	3	1	1.87	2	31	33	17	40	35	29	2	4.80	2.90	1	1	1	8.36271699315	9.78076820840	12.19029106860	0	1.87	8.36	-2.41	30.25	2.09	2.45	3.05	4.00	3.00	4.00	4.00	4.00	4.00	1.00	1.00	.59	1.70	.34	4.30	1.50	4.00	4.00	4.00	4.00	4.00	4.00	2.00	8.39	9.81	11.73	-1.92	2.00	1.00	.00	32.00	1.41	1.00
The Walking Dead	NBA	Orange Is the New Black	Gossip Girl	Tedtalk	23	2	2	1	1	61	10	0	5	5	1	4	3	4	4	4	2	6	4	4	4	4	4	4	5	5	5	5	3	4	3	4	4	4	3	4	3	4	3	4	3	4	4	3	5	4	4	3	3.67	0	49	67	60	61	69	56	4	3.97	4.10	3	3	4	7.85416666667	8.85416666667	10.14583333330	1	3.67	7.85	-1.29	61.50	2.62	2.95	3.38	3.00	3.00	3.00	4.00	4.00	4.00	1.00	.00	.71	2.02	.24	4.00	4.20	3.00	3.00	3.00	4.00	4.00	4.00	3.00	7.70	8.77	9.82	-1.05	3.00	3.33	.00	62.50	2.00	3.33
Vampire Diaries	Broken Sister	Running Man	voice of China	iron man	19	2	2	3	1	90	10	0	5	5	2			7	5	7	7	7	7	7	7	7	6	7	7	7	7	7	7	7	7	7	7	1	1	1	1	1	1	1	1	1	1	1	1	7	7	7	2.20	0	70	86	41	82	41	86	5	8.70	6.85	1	1	1	4.21428571429	6.92857142857	6.35714285714	0	2.20	4.21	.57	62.50	2.11	3.46	3.18	2.00	3.00	2.00	2.00	3.00	2.00	.00	.00	.89	2.62	.15	6.70	7.00	2.00	2.00	2.00	2.00	3.00	2.00	4.00	3.98	5.95	5.95	.00	3.00	1.00	.00	63.50	2.24	1.00
The Flash	Jane the Virgin	How to Get Away with Murder	New Girl	Friends	20	2	2	1	1	30	4	0	3	1	2			5	2	4	6	2	4	6	5	3	2	3	2	3	1	1	2	1	2	2	3	2	1	1	3	3	2	2	2	2	3	3	3	3	4	3	2.47	1	55	75	35	61	66	49	2	4.06	2.95	1	4	1	11.48956043960	13.90128205130	15.43076923080	0	2.47	11.49	-1.53	52.75	2.30	2.78	3.09	5.00	5.00	4.00	5.00	5.00	5.00	1.00	.00	.60	1.72	.34	3.90	2.00	5.00	5.00	5.00	5.00	5.00	5.00	3.00	11.34	13.66	14.68	-1.02	3.00	2.00	.00	57.50	1.41	2.00
Jane the Virgin	Agents of SHIELD	The Flash	The Amazing Race	Fresh off the Boat	19	2	3	2	1	10	1	1	1	0	2			2	2	2	2	1	2	2	1	3	1	1	1	1	1	1	1	1	1	1	1	2	1	1	2	1	1	2	2	1	2	1	1	3	4	2	1.73	2	15	21	5	30	45	35	1	2.52	1.40	1	1	1	5.67142857143	8.50000000000	7.75000000000	0	1.73	5.67	.75	28.75	1.89	2.83	2.58	3.00	3.00	2.00	3.00	3.00	3.00	.00	.00	.38	1.18	.71	1.80	1.00	3.00	3.00	3.00	3.00	3.00	3.00	3.00	5.78	7.61	8.02	-.41	2.00	1.00	.00	40.00	1.00	1.00
Real Housewives	Keeping up with the Kardashians	Drugs inc	Border Wars	Prison Break	20	2	3	2	1	6	0	3	0	0	1	3	4	5	5	2	2	3	3	2	2	5	2	5	2	1	1	1	1	2	2	1	1	1	1	1	3	3	1	1	1	1	3	4	2	4	5	2	2.20	0	43	73	26	50	68	38	4	5.99	2.40	1	3	1	2.50000000000	2.77272727273	2.95454545455	1	2.20	2.50	-.18	45.50	2.50	2.77	2.95	1.00	1.00	1.00	2.00	1.00	1.00	.00	.00	.53	1.55	.42	3.10	1.70	1.00	1.00	1.00	2.00	1.00	1.00	3.00	2.52	2.72	3.00	-.28	3.00	1.67	.00	53.00	2.00	1.67
Running Man	Amazing Race	Friends	The Big Bang Theory	The League	18	2	2	1	1	75	15	0	0	0	2			4	5	3	4	3	3	7	6	6	3	4	4	5	2	4	4	1	2	1	2	3	5	2	3	6	2	7	1	1	6	3	1	3	6	3	3.47	0	60	85	70	70	90	75	1	10.26	3.65	3	3	3	6.07857142857	9.20000000000	11.05000000000	0	3.47	6.08	-1.85	76.25	2.03	3.07	3.68	3.00	3.00	3.00	3.00	4.00	4.00	1.00	.00	.67	1.91	.27	4.40	2.90	3.00	3.00	3.00	3.00	4.00	4.00	2.00	6.06	8.46	10.27	-1.81	3.00	3.00	.00	82.50	1.00	3.00
Sherlock	How I Met Your Mother	The Office	Arrow	The Flash	19	2	2	1	1	10	10	3	4	3	2			5	4	4	4	5	5	6	6	3	3	4	1	1	1	1	1	1	1	1	1	1	2	1	2	2	2	1	2	1	2	2	1	2	3	3	1.80	0	25	50	20	45	30	25	2	1.45	2.90	1	1	1	10.13690476190	11.78026315790	14.41228070180	0	1.80	10.14	-2.63	30.00	2.03	2.36	2.88	4.00	4.00	4.00	5.00	5.00	5.00	1.00	.00	.59	1.70	.34	4.50	1.30	4.00	4.00	4.00	5.00	5.00	5.00	3.00	10.26	12.36	13.52	-1.16	2.00	1.00	.00	27.50	1.41	1.00
billion	Running Man	huanlesong	baozoudashijian	news	21	2	2	1	1	88	5	0	2	2	1	4	4	5	5	6	5	6	5	6	6	6	6	6	6	5	6	6	6	6	6	5	4	3	3	2	3	3	3	2	2	3	2	3	3	2	2	2	2.53	1	65	78	84	81	79	80	5	3.68	5.60	4	5	5	1.42857142857	4.00000000000	3.50000000000	1	2.53	1.43	.50	81.00	1.43	4.00	3.50	1.00	2.00	1.00	1.00	2.00	2.00	1.00	.00	.82	2.37	.18	5.60	5.60	1.00	2.00	1.00	1.00	2.00	2.00	4.00	1.45	3.25	3.25	.00	3.00	4.67	.00	79.50	2.24	4.67
The 100	Bob's Burgers	The Mindy Project	Archer	Criminal Minds	21	2	2	1	1	2	2	0	0	2	0	2			6	5	7	5	7	4	7	7	7	1	7	1	1	1	1	1	1	1	1	1	1	1	1	1	1	1	1	1	3	3	3	5	5	1	1.93	1	40	70	30	75	65	30	3	6.52	3.74		2	2	3.59615384615	4.97777777778	7.26666666667	0	1.93	3.60	-2.29	50.00	1.80	2.49	3.63	2.00	2.00	2.00	2.00	2.00	3.00	1.00	.00	.68	1.93	.27	6.11	1.60	2.00	2.00	2.00	2.00	2.00	3.00	2.00	3.68	4.54	6.52	-1.98	2.00	2.00	.00	47.50	1.73	2.00
Pretty Little Liars	Criminal Minds	Forensic Files	It's Always Sunny in Philidelphia	The Office	19	2	3	1	1	1	3	0	3	0	1	4	4	1	1	1	1	3	1	3	4	3	1	5	1	1	1	1	1	2	1	1	1	1	1	1	1	1	1	1	1	1	1	1	1	1	1	1	1.00	2	55	55	35	35	30	30	4	1.88	1.70	2	2	1	9.35329670330	10.61637426900	12.08157894740	1	1.00	9.35	-1.47	32.50	2.34	2.65	3.02	4.00	4.00	4.00	4.00	4.00	4.00	1.00	.00	.43	1.30	.59	1.90	1.50	4.00	4.00	4.00	4.00	4.00	4.00	3.00	8.81	10.46	11.25	-.79	1.00	1.67	.00	30.00	2.00	1.67
Agents of SHIELD	Once Upon a Time	Mysteries at the Museum	Destination Truth	Ghost Adventures	20	2	5	1	1	35	10	0	5	5	2			2	1	4	2	2	2	2	1	2	2	4	4	4	4	3	3	3	3	3	3	1	1	2	2	2	2	1	1	1	3	3	3	3	3	2	2.00	2	30	25	24	27	30	32	2	12.61	2.70	2	1	1	3.60000000000	5.66666666667	5.83333333333	0	2.00	3.60	-.17	28.25	1.80	2.83	2.92	2.00	2.00	2.00	2.00	2.00	2.00	1.00	1.00	.57	1.64	.37	2.00	3.40	2.00	2.00	2.00	2.00	2.00	3.00	3.00	3.61	4.88	6.09	-1.21	2.00	1.33	.00	31.00	1.41	1.33
New Girl	The Bachelor	How I Met Your Mother	Grey's Anatomy	Vampire Diaries	19	2	5	1	1	80	2	0	2	0	1	5	1	7	4	6	6	7	7	4	4	2	1	1	1	1	1	1	1	1	1	1	1	1	1	1	2	2	1	1	3	1	4	4	2	3	4	1	2.07	2	40	60	20	50	60	40	2	10.34	2.90	1	1	1	13.26761473820	15.49523809520	15.07117794490	1	2.07	13.27	.42	42.50	2.65	3.10	3.01	5.00	5.00	4.00	5.00	5.00	5.00	1.00	1.00	.59	1.70	.34	4.80	1.00	5.00	5.00	5.00	5.00	5.00	5.00	4.00	12.61	14.96	14.60	.36	2.00	1.00	.00	50.00	1.41	1.00
Game of Thrones	Grey's Anatomy	The Blacklist	Scandal	The Flash	19	2	2	1	1	45	1	0	1	1	2			5	3	6	3	5	3	2	3	6	5	6	7	7	6	7	7	7	7	7	7	3	2	1	3	3	1	1	2	1	1	1	1	4	4	2	2.00	2	46	49	21	25	23	18	3	6.63	5.45	2	2	1	10.77385772120	14.38967611340	11.42375168690	0	2.00	10.77	2.97	21.75	2.69	3.60	2.86	4.00	5.00	3.00	5.00	5.00	4.00	1.00	.00	.81	2.33	.18	4.10	6.80	4.00	5.00	3.00	5.00	5.00	4.00	6.00	10.33	13.63	10.69	2.94	2.00	1.67	.00	20.50	1.73	1.67
Friends	The Tonight Show	How to Get Away with Murder	Criminal Minds	The Fosters	19	2	2	1	1	50	1	0	0	0	2			2	2	7	2	1	1	1	1	7	5	7	7	7	7	7	7	7	7	7	7	1	1	1	1	1	1	1	1	1	1	1	1	4	3	1	1.33	2	45	45	20	30	30	20	1	.00	4.95	1	6	1	9.51043956044	11.36239316240	14.24743589740	0	1.33	9.51	-2.89	25.00	2.38	2.84	3.56	4.00	4.00	4.00	4.00	4.00	5.00	1.00	.00	.77	2.22	.20	2.90	7.00	4.00	4.00	4.00	4.00	4.00	5.00	2.00	9.28	10.71	13.00	-2.30	1.00	2.67	.00	25.00	1.00	2.67
sitcoms	reality shows	dramas	romance	fantasy	19	2	2	1	1	61	5	0	2	3	1	2	4	2	2	7	2	4	3	2	5	6	4	4	7	7	6	7	7	7	6	7	7	1	2	1	1	2	2	2	2	2	2	2	2	3	3	2	1.93	2	5	5	10	20	20	10	4	2.34	5.10	1	1	1	.00000000000	.00000000000	.00000000000	1	1.93	.00	.00	15.00	.00	.00	.00	1.00	1.00	1.00	1.00	1.00	1.00	1.00	.00	.79	2.26	.20	3.70	6.50	1.00	1.00	1.00	1.00	1.00	1.00	4.00	.00	.00	.00	.00	2.00	1.00	.00	15.00	2.00	1.00
the challenge	scream	family feud	Family Guy	South Park	20	1	3	1	3	20	6	1	4	1	2			4	3	1	4	4	4	4	4	3	4	2	1	1	1	1	1	1	1	1	1	1	1	1	1	1	4	1	1	1	1	1	2	3	4	3	1.73	2	40	50	30	35	40	40	3	8.55	2.30	3	3	1	2.26086956522	3.04761904762	2.61904761905	0	1.73	2.26	.43	36.25	2.26	3.05	2.62	1.00	1.00	1.00	1.00	1.00	1.00	1.00	.00	.52	1.52	.43	3.50	1.10	1.00	1.00	1.00	2.00	1.00	1.00	4.00	2.34	3.07	2.63	.44	2.00	2.33	.00	40.00	1.73	2.33
Castle	Modern Family	Parks and Recreation	Grey's Anatomy	Supernatural	19	2	5	1	1	6	3	0	0	0	2			5	4	6	5	4	5	3	6	7	5	7	7	7	7	7	7	7	7	7	7	1	1	1	1	2	1	1	1	1	1	1	1	3	4	1	1.40	2	30	40	3	5	7	5	3	6.69	6.00	1	1	1	8.49055582099	9.91666666667	11.64583333330	0	1.40	8.49	-1.73	5.00	2.12	2.48	2.91	4.00	3.00	3.00	4.00	4.00	4.00	1.00	1.00	.85	2.45	.17	5.00	7.00	4.00	4.00	4.00	4.00	4.00	4.00	3.00	8.55	9.79	11.33	-1.54	1.00	1.00	.00	6.00	1.73	1.00
The Walking Dead	90210	Breaking Bad	Gossip Girl	Family Feud	19	2	3	1	1	50	4	0	4	0	2			3	2	6	5	4	4	3	3	5	3	5	7	7	7	4	5	7	7	7	7	3	2	1	4	4	2	5	5	3	3	3	1	5	5	3	3.27	0	40	50	50	70	40	55	3	8.08	5.05	1	1	1	6.99583333333	8.24053030303	10.00189393940	0	3.27	7.00	-1.76	53.75	2.33	2.75	3.33	3.00	3.00	3.00	3.00	3.00	4.00	1.00	.00	.78	2.25	.20	3.80	6.30	3.00	3.00	3.00	3.00	3.00	4.00	3.00	6.80	8.16	9.40	-1.24	3.00	1.00	.00	47.50	1.73	1.00
Grey's Anatomy	Lost	How to Get Away with Murder	Jane the Virgin	Gossip Girl	18	2	7	1	1	70	5	2	2	2	2			3	4	4	4	3	4	5	4	6	2	5	3	3	5	6	6	2	2	2	2	2	2	1	3	3	3	2	2	2	2	3	2	3	4	2	2.40	1	56	55	42	43	42	43	4	4.80	3.75	1	1	1	10.98351648350	13.07211538460	13.04326923080	0	2.40	10.98	.03	42.50	2.75	3.27	3.26	4.00	4.00	4.00	5.00	5.00	5.00	1.00	.00	.68	1.94	.27	3.90	3.60	5.00	4.00	4.00	5.00	5.00	5.00	4.00	10.72	12.70	12.48	.22	3.00	1.00	.00	42.50	2.00	1.00
How to Get Away with Murder	Bob's Burgers	Empire	Chopped	Cupcake Wars	20	2	3	1	1	0	20	20	20	20	3	2			5	1	6	7	6	7	6	4	7	4	4	7	7	7	7	7	7	7	7	1	1	1	3	3	1	2	2	1	1	1	1	2	2	1	1.53	0	25	30	15	20	40	30	3	3.73	5.95		5	4	7.58928571429	9.58461538462	9.70576923077	0	1.53	7.59	-.12	26.25	2.53	3.19	3.24	3.00	3.00	3.00	4.00	4.00	4.00	1.00	.00	.84	2.44	.17	5.44	6.40	3.00	3.00	3.00	4.00	4.00	3.00	4.00	7.45	8.91	9.05	-.14	1.00	4.50	.00	35.00	1.73	4.50
Cutthroat Kitchen	Keeping up with the Kardashians	Project Runway	The Voice	Chopped	21	2	2	3	1	8	0	5	2	20	3	1	5	3	7	4	7	5	6	5	7	6	7	7	5	6	7	7	6	7	7	7	7	1	1	1	1	1	1	1	1	1	2	2	1	6	7	1	1.87	0	12	35	60	86	39	65	6	5.63	6.15		4	4	3.69230769231	4.77272727273	5.45454545455	0	1.87	3.69	-.68	62.50	1.85	2.39	2.73	2.00	2.00	2.00	2.00	2.00	2.00	.00	.00	.85	2.48	.16	5.70	6.60	2.00	2.00	2.00	2.00	2.00	2.00	3.00	3.72	4.72	5.40	-.68	2.00	4.00	.00	52.00	2.45	4.00
The Office	Bates Motel	Criminal Minds	Parks and Recreation	Trailer Park Boys	21	1	5	3	1	70	8	2	2	4	2			3	2	3	3	3	3	2	3	1	1	1	1	1	1	1	1	1	1	1	1	2	2	1	3	4	3	1	2	3	1	2	1	4	5	3	2.47	1	20	25	40	50	55	45	4	11.06	1.70	1	1	1	5.50329670330	6.75804093567	8.67324561404	0	2.47	5.50	-1.92	47.50	1.83	2.25	2.89	2.00	2.00	3.00	3.00	3.00	3.00	.00	1.00	.43	1.30	.59	2.40	1.00	3.00	3.00	3.00	3.00	3.00	3.00	3.00	5.63	6.77	8.03	-1.26	3.00	1.00	.00	50.00	2.00	1.00
Grey's Anatomy	Friends	The Office	Modern Family	The Walking Dead	20	2	3	1	1	73	9	0	9	0	1	2	3	5	2	2	5	4	6	7	5	7	2	7	7	7	7	7	7	3	7	2	7	1	1	1	1	2	1	1	1	1	1	1	1	2	2	1	1.20	1	31	71	15	54	31	33	3	9.93	5.30	6	6	1	11.39829391620	12.74692982460	16.01907894740	1	1.20	11.40	-3.27	33.25	2.28	2.55	3.20	5.00	4.00	5.00	5.00	5.00	5.00	1.00	.00	.80	2.30	.19	4.50	6.10	5.00	5.00	5.00	5.00	5.00	5.00	2.00	11.17	13.02	15.24	-2.23	1.00	4.33	.00	32.00	1.73	4.33
Scandal	Dexter	How to Get Away with Murder	House	White Collar	19	2	2	1	1	70	10	3	7	0	2			1	1	1	1	1	1	1	1	1	1	1	1	1	1	1	1	1	1	1	1	1	1	1	1	2	4	1	1	1	1	3	1	1	1	1	1.40	0	19	28	40	40	40	40	2	1.45	1.00	1	1	1	12.88351648350	15.62237762240	14.29790209790	0	1.40	12.88	1.32	40.00	2.58	3.12	2.86	5.00	5.00	4.00	5.00	5.00	5.00	1.00	.00	.30	1.00	1.00	1.00	1.00	5.00	5.00	4.00	5.00	5.00	5.00	4.00	12.58	14.73	13.54	1.18	1.00	1.00	.00	40.00	1.41	1.00
Xiaoyan night	Supermom	Descents of the sun	Kangxi	Running Man	22	2	2	1	1	81	1	0	0	0	2			3	2	2	3	3	3	4	4	4	4	4	1	1	1	1	1	1	1	1	1	1	1	1	2	2	1	1	1	1	2	2	1	1	1	1	1.27	2	81	91	14	91	0	0	3	3.75	2.25	2	2	2	1.42857142857	4.00000000000	3.50000000000	0	1.27	1.43	.50	26.25	1.43	4.00	3.50	1.00	2.00	1.00	1.00	2.00	2.00	1.00	.00	.51	1.50	.44	3.20	1.30	1.00	2.00	1.00	1.00	2.00	2.00	4.00	1.45	3.25	3.25	.00	1.00	2.00	.00	.00	1.73	2.00
The Office	Parks and Recreation	major sporting events	Family Feud	The Middle	20	2	5	1	1	70	1	0	0	0	1	5	4	7	2	3	1	1	2	2	3	4	1	4	1	1	1	1	1	4	1	1	1	1	2	1	1	2	1	1	3	2	1	2	1	3	4	2	1.80	1	45	55	30	45	45	35	5	7.99	2.10	3	3	1	3.65714285714	3.98026315789	5.00657894737	1	1.80	3.66	-1.03	38.75	1.83	1.99	2.50	2.00	2.00	2.00	2.00	2.00	2.00	1.00	1.00	.49	1.45	.48	2.60	1.60	2.00	2.00	2.00	2.00	2.00	2.00	3.00	3.75	4.23	4.80	-.57	2.00	2.33	.00	40.00	2.24	2.33
Running Man	House	Criminal Minds	Keeping up with the Kardashians	The 100	18	2	2	1	1	50	2	0	2	1	2			5	2	6	3	3	3	1	6	6	3	3	1	1	1	1	1	1	1	1	1	1	1	1	1	2	1	1	1	1	1	1	1	2	3	1	1.27	1	45	40	12	20	20	10	3	7.07	2.50	1	1	1	7.85164835165	12.09595959600	12.75757575760	0	1.27	7.85	-.66	15.50	1.96	3.02	3.19	3.00	4.00	4.00	4.00	5.00	5.00	1.00	.00	.54	1.58	.40	3.80	1.20	3.00	4.00	4.00	4.00	4.00	5.00	3.00	8.00	11.01	12.15	-1.13	1.00	1.00	.00	15.00	1.73	1.00
One Tree Hill	Psych	Friends	Melissa & Joey	The Office	20	2	2	1	1	0	0	0	0	1	0	2			2	2	4	2	2	1	1	1	4	1	5	1	1	1	1	1	1	1	1	1	1	1	1	1	1	1	1	1	1	1	1	2	2	1	1.13	0	35	40	9	29	25	14	4	5.18	1.74		1	1	7.74047619048	7.70526315789	9.43872180451	0	1.13	7.74	-1.73	19.25	2.58	2.57	3.15	3.00	3.00	3.00	4.00	3.00	3.00	1.00	.00	.44	1.32	.57	2.11	1.40	3.00	3.00	3.00	4.00	3.00	3.00	3.00	7.07	7.66	8.64	-.98	1.00	1.00	.00	19.50	2.00	1.00
Criminal Minds	Conan	The Walking Dead	Infinite Challenge (Korean)	Running Man	19	2	2	1	1	37	8	6	2	0	2			5	4	4	4	4	4	4	4	5	4	4	4	4	4	4	4	4	4	4	4	2	2	1	3	3	1	1	1	1	2	2	2	3	3	2	1.93	2	60	60	39	65	24	18	5	6.20	4.10	1	1	1	5.33722527473	8.94444444444	10.33333333330	0	1.93	5.34	-1.39	36.50	1.78	2.98	3.44	2.00	3.00	3.00	3.00	4.00	4.00	1.00	.00	.71	2.02	.24	4.20	4.00	2.00	3.00	3.00	3.00	3.00	4.00	3.00	5.29	8.06	9.48	-1.43	2.00	1.00	.00	21.00	2.24	1.00
Modern Family	The Simpsons	Revenge	Gilmore Girls	yago	21	2	3	1	1	9	3	0	1	2	2			1	1	1	1	1	1	1	1	1	1	1	1	1	1	1	1	1	1	1	1	1	1	1	4	4	4	1	1	1	3	3	4	1	1	1	2.07	0	29	40	39	44	41	43	4	6.30	1.00	1	2	1	6.12608695652	7.33676470588	8.99632352941	0	2.07	6.13	-1.66	41.75	2.04	2.45	3.00	3.00	3.00	3.00	3.00	3.00	3.00	1.00	.00	.30	1.00	1.00	1.00	1.00	3.00	3.00	3.00	3.00	3.00	3.00	3.00	6.19	7.17	8.74	-1.57	2.00	1.33	.00	42.00	2.00	1.33
Scandal	The Voice	The Walking Dead	How to Get Away with Murder	Real Housewives	24	2	6	6	1	100	0	0	0	0	1	2	5	7	7	7	7	7	7	7	7	7	7	4	7	7	7	7	7	7	7	7	7	1	1	1	1	1	1	1	1	1	1	1	1	2	2	1	1.13	2	4	15	14	20	9	20	1	.00	6.85	1	1	1	9.50755494505	11.24358974360	12.12820512820	1	1.13	9.51	-.88	15.75	2.38	2.81	3.03	4.00	4.00	4.00	4.00	4.00	4.00	.00	.00	.89	2.62	.15	7.00	6.70	4.00	4.00	4.00	4.00	4.00	4.00	3.00	9.04	11.05	11.34	-.30	1.00	1.00	1.00	14.50	1.00	1.00
I	do	not	watch	TV	21	1	2	4	1	50	12	0	8	4	2			7	7	1	1	7	7	5	7	1	1	5	1	1	1	1	1	1	1	1	1	1	2	1	1	2	1	3	3	2	2	3	2	3	4	3	2.20	0	40	45	10	10	10	10	2	5.21	2.90	6	6	6	.00000000000	.00000000000	.00000000000	0	2.20	.00	.00	10.00	.00	.00	.00	1.00	1.00	1.00	1.00	1.00	1.00	.00	.00	.59	1.70	.34	4.40	1.40	1.00	1.00	1.00	1.00	1.00	1.00	4.00	.00	.00	.00	.00	3.00	6.00	1.00	10.00	1.41	6.00
Chicago Med	Grey's Anatomy	Containment	Fresh off the Boat	Keeping up with the Kardashians	21	2	3	1	1	21	5	2	1	5	2			1	1	1	1	1	4	4	5	4	5	1	1	1	1	1	1	1	1	1	1	2	3	2	3	4	3	1	2	1	2	2	2	4	3	4	2.53	0	35	42	45	35	36	47	1	4.54	1.85	4	4	1	5.26923076923	6.52272727273	6.28787878788	0	2.53	5.27	.23	40.75	2.63	3.26	3.14	2.00	2.00	2.00	3.00	3.00	2.00	1.00	.00	.45	1.36	.54	2.70	1.00	2.00	2.00	2.00	3.00	3.00	3.00	4.00	5.20	6.30	6.14	.15	3.00	3.00	.00	41.50	1.00	3.00
Friends	The Big Bang Theory	That 80's Show	Du Du	Ji Xian Tiao Zhan	25	1	2	1	1	50	7	5	2	0	1	1	4	5	4	7	6	7	6	3	5	6	6	6	7	7	7	7	7	7	7	7	7	1	1	1	3	3	2	1	3	1	1	1	1	1	1	1	1.47	2	26	39	21	24	38	25	6	6.13	6.20	6	6	6	4.65000000000	5.20000000000	7.55000000000	1	1.47	4.65	-2.35	27.00	2.33	2.60	3.78	2.00	2.00	2.00	2.00	2.00	3.00	1.00	.00	.86	2.49	.16	5.50	6.90	2.00	2.00	2.00	2.00	2.00	3.00	2.00	4.61	5.21	7.02	-1.81	1.00	6.00	.00	31.50	2.45	6.00
Breaking Bad	America's Got Talent	Game of Thrones	Running Man	Korean drama	20	2	2	4	1	50	10	0	1	1	1	2	4	7	7	7	4	7	6	7	6	2	2	6	1	6	1	1	6	7	7	4	2	2	4	1	3	3	1	1	1	1	3	3	2	2	2	4	2.20	2	50	51	30	20	5	0	5	.00	4.80	3	5	2	6.25664160401	10.58373205740	9.29904306220	1	2.20	6.26	1.28	13.75	2.09	3.53	3.10	3.00	4.00	3.00	3.00	4.00	3.00	.00	.00	.76	2.19	.21	5.50	4.10	3.00	4.00	3.00	3.00	4.00	3.00	4.00	6.14	9.76	8.77	.99	3.00	3.33	1.00	2.50	2.24	3.33
CNN	NBA TV	ESPN	TNT	True TV	20	1	3	1	1	100	14	0	4	2	1	1	5	3	1	6	3	2	1	1	1	7	2	4	1	1	1	1	1	7	1	1	7	1	2	1	1	2	1	7	7	7	6	6	1	1	1	1	3.00	0	13	13	7	4	4	2	3	9.77	2.60	6	6	3	.00000000000	.00000000000	.00000000000	1	3.00	.00	.00	4.25	.00	.00	.00	1.00	1.00	1.00	1.00	1.00	1.00	1.00	.00	.56	1.61	.38	2.70	2.50	1.00	1.00	1.00	1.00	1.00	1.00	4.00	.00	.00	.00	.00	3.00	5.00	.00	3.00	1.73	5.00
House of Cards	Daredevil	The Walking Dead	The Office	Parks and Recreation	31	1	3	6	1	100	2	1	1	1	2			4	7	7	7	7	5	4	4	7	7	4	7	7	7	7	7	7	7	7	7	1	1	1	1	1	1	1	1	1	1	1	1	1	1	1	1.00	1	60	85	40	60	55	35	4	10.04	6.30	1	1	1	9.83869047619	11.64692982460	13.00657894740	0	1.00	9.84	-1.36	47.50	1.97	2.33	2.60	4.00	4.00	4.00	5.00	4.00	5.00	.00	.00	.86	2.51	.16	5.90	6.70	4.00	4.00	4.00	5.00	5.00	5.00	3.00	9.88	11.95	12.42	-.47	1.00	1.00	1.00	45.00	2.00	1.00
Empire	Game of Thrones	House	Lost	New Girl	26	1	2	1	1	50	3	0	3	1	1	3	3	5	2	4	4	4	4	5	2	4	3	2	2	2	2	2	2	2	2	2	2	1	1	1	1	1	1	3	3	3	1	1	1	5	5	5	2.20	1	41	74	51	50	62	57	6	4.00	2.85	1	2	3	10.25050607290	12.90948963320	11.03767942580	1	2.20	10.25	1.87	55.00	2.56	3.23	2.76	4.00	4.00	3.00	5.00	5.00	4.00	1.00	.00	.59	1.69	.35	3.70	2.00	4.00	4.00	4.00	5.00	5.00	4.00	5.00	10.05	12.41	10.89	1.52	3.00	2.00	.00	59.50	2.45	2.00
Arrow	The Flash	Star Wars: The Clone Wars	Supernatural	Agents of SHIELD	18	2	5	1	1	15	2	0	0	0	2			2	2	5	2	1	1	1	1	3	1	1	1	1	1	1	1	1	1	1	1	1	2	1	4	4	5	2	1	1	4	4	2	4	3	2	2.67	2	60	35	19	39	30	45	2	2.40	1.45	1	1	1	5.54642857143	7.87500000000	8.33333333333	0	2.67	5.55	-.46	33.25	1.85	2.63	2.78	3.00	3.00	3.00	3.00	3.00	3.00	1.00	1.00	.39	1.20	.69	1.90	1.00	3.00	3.00	3.00	3.00	3.00	3.00	3.00	5.73	7.05	8.07	-1.02	3.00	1.00	.00	37.50	1.41	1.00
How to Get Away with Murder	Castle	Bones	It's Always Sunny in Philidelphia	Late Night with Jimmy Fallon	19	2	5	3	1	19	2	0	0	0	1	4	1	7	7	7	7	7	7	7	7	7	7	7	1	3	1	1	4	4	1	1	1	1	1	1	3	4	3	1	1	1	1	1	1	3	3	3	1.87	1	20	20	50	50	50	50	7	.00	4.70	1	1	1	7.72619047619	8.55128205128	8.48076923077	1	1.87	7.73	.07	50.00	2.58	2.85	2.83	3.00	3.00	3.00	4.00	3.00	3.00	.00	1.00	.76	2.17	.21	7.00	2.40	3.00	3.00	3.00	4.00	3.00	3.00	4.00	7.33	8.31	8.34	-.03	2.00	1.00	.00	50.00	2.65	1.00
																																																																																																											
																																																																																																											
																																																																																																											
																																																																																																											
																																																																																																											
																																																																																																											
																																																																																																											
																																																																																																											
																																																																																																											
																																																																																																											
																																																																																																											
																																																																																																											
																																																																																																											
																																																																																																											
																																																																																																											
																																																																																																											
																																																																																																											
																																																																																																											
																																																																																																											
																																																																																																											
																																																																																																											
																																																																																																											
																																																																																																											
																																																																																																											
																																																																																																											
																																																																																																											
																																																																																																											
																																																																																																											
																																																																																																											
																																																																																																											
																																																																																																											
																																																																																																											
																																																																																																											
																																																																																																											
																																																				",,,,,,,,,,,,,,,,,,,,,,,,,,,,,,,,,,,,,,,,,,,,,,,,,,,,,,,,,,,,,,,,,,,